4632802378222380466	1	null Acoper ¬´labilir mitsubishi –≤ –õ–∏–ø–µ—Ü–∫–µ –Ω–∞ Batak	1	2014-03-23 16:23:07	2014-03-23	27528801	2723656327	∆Â\t„ò4ÆøgÿÀüO	15887	2224216775939367616	0	56	4	http://rutube.ru/patianu	http://love/v012/04	footki.yandex.ru	m.fotoalmeta	0	0	[]	[]	[]	[]	1339	555	29	8	0	0.	0	0	44	s◊	1	1	0	0			3238011	-1	0		0	0	1136	555	117	2014-03-23 06:04:09	5	1	19832	0	utf-8	401	0	0	0	0	1018986580	0	0	0	0	0	5	2014-03-24 08:02:03	16	2	2	0	0	[]	2529497135	0ÿw¶n»î]MnQ„ﬁ5	18372	-1	2	wi	•≥			0	-1	4333	1332	747	2472	0	0	7395	285	-1	-1	-1	16115	-1	-1	0		0		“	0	[]											0	307141980878902893	338497349483004835	0	0				[]	[]	[]	[]	[]	[]	¡àû+ö—‚Ì¿ÈbKQ9	47	0
7829278250573826232	1	–ü—Ä–æ–¥–∞–∂–∞ –ø–æ–¥–µ—Ä–∂–∞–Ω–∏—è –Ω–∞–π–¥–µ–Ω–æ –≤ –Ø–Ω–¥–µ–∫—Å: –Ω–∞—à–ª–æ—Å—å 15 –º–∏–Ω—É—Ç –≤ –∏–Ω—Ç–µ—Ä–Ω–µ—Ç	1	2014-03-23 15:56:49	2014-03-23	27058368	1191418004	\\°ÅŸXÅ®È=f˙YU	15887	372595447767099963	0	42	105	http://odnoklass_p112,113,14,15,2718-kak-dagitim.com%2FiHcpR_KXxms	http://yandex%2F1538512	haberler.ru.msn.com.ua	avito.ruel.mynet.com.tradeasure	0	0	[3302]	[3666]	[903]	[996]	322	628	57	0	0		0	0	44	s◊	1	1	1	7	iPhone 2		4002484	-1	0		0	0	592	1990	117	2014-03-23 05:32:02	0	0	0	0	utf-8	401	0	0	0	0	708852166	0	0	0	0	0	E	2014-03-24 07:37:21	16	2	2	0	0	[]	1321231243	J¡i÷(¶·.ft0y	22279	-1	1	wi	•≥			0	-1	0	0	1	28	0	0	559	0	-1	-1	-1	1476	-1	-1	0		0		“	0	[]											0	16552074410276436312	849739178092755580	0	0				[]	[]	[]	[]	[]	[]	¡àû+ö—‚Ì¿ÈbKQ9	2	0
6209194776693341710	1	–ü—Ä–æ–¥–∞–∂–∞ –ø–æ–¥–µ—Ä–∂–∞–Ω–∏—è –Ω–∞–π–¥–µ–Ω–æ –≤ –Ø–Ω–¥–µ–∫—Å: –Ω–∞—à–ª–æ—Å—å 15 –º–∏–Ω—É—Ç –≤ –∏–Ω—Ç–µ—Ä–Ω–µ—Ç	1	2014-03-23 15:56:49	2014-03-23	27058368	1191418004	\\°ÅŸXÅ®È=f˙YU	15887	372595447767099963	0	42	105	http://odnoklass_p112,113,14,15,2718-kak-dagitim.com%2FiHcpR_KXxms	http://yandex%2F1538512	haberler.ru.msn.com.ua	avito.ruel.mynet.com.tradeasure	1	0	[3302]	[3666]	[903]	[996]	322	628	57	0	0		0	0	44	s◊	1	1	1	7	iPhone 2		4002484	-1	0		0	0	592	1990	117	2014-03-23 05:32:02	0	0	0	0	utf-8	401	0	0	0	0	968302720	0	0	0	0	0	E	2014-03-24 07:37:21	16	2	2	0	0	[]	1321231243	J¡i÷(¶·.ft0y	43140	-1	1	wi	•≥			0	-1	1	27	38	3	0	0	1791	0	-1	-1	-1	1897	-1	-1	0		0		“	0	[]											0	16552074410276436312	849739178092755580	0	0				[]	[]	[]	[]	[]	[]	¡àû+ö—‚Ì¿ÈbKQ9	1	0
5017198962525199154	1	–ü—Ä–æ–¥–∞–∂–∞ –ø–æ–¥–µ—Ä–∂–∞–Ω–∏—è –Ω–∞–π–¥–µ–Ω–æ –≤ –Ø–Ω–¥–µ–∫—Å: –Ω–∞—à–ª–æ—Å—å 15 –º–∏–Ω—É—Ç –≤ –∏–Ω—Ç–µ—Ä–Ω–µ—Ç	1	2014-03-23 15:57:36	2014-03-23	27058368	1191418004	\\°ÅŸXÅ®È=f˙YU	15887	372595447767099963	0	42	105	http://odnoklass_p112,113,14,15,2718-kak-dagitim.com%2FiHcpR_KXxms	http://yandex%2F1538512	haberler.ru.msn.com.ua	avito.ruel.mynet.com.tradeasure	0	0	[3302]	[3666]	[903]	[996]	322	628	57	0	0		0	0	44	s◊	1	1	1	7	iPhone 2		4002484	-1	0		0	0	592	1990	117	2014-03-23 05:32:36	0	0	0	0	utf-8	401	0	0	0	0	658682892	0	0	0	0	0	c	2014-03-24 07:38:20	16	2	2	0	0	[]	1321231243	J¡i÷(¶·.ft0y	17131	-1	1	wi	•≥			0	-1	0	0	1	3	0	0	241	0	-1	-1	-1	410	-1	-1	0		0		“	0	[]											0	16552074410276436312	849739178092755580	0	0				[]	[]	[]	[]	[]	[]	¡àû+ö—‚Ì¿ÈbKQ9	3	0
7407752634189615759	1	–ü—Ä–æ–¥–∞–∂–∞ –ø–æ–¥–µ—Ä–∂–∞–Ω–∏—è –Ω–∞–π–¥–µ–Ω–æ –≤ –Ø–Ω–¥–µ–∫—Å: –Ω–∞—à–ª–æ—Å—å 15 –º–∏–Ω—É—Ç –≤ –∏–Ω—Ç–µ—Ä–Ω–µ—Ç	1	2014-03-23 15:57:42	2014-03-23	27058368	1191418004	\\°ÅŸXÅ®È=f˙YU	15887	372595447767099963	0	42	105	http://odnoklass_p112,113,14,15,27,Zhitovit.com/iframe	http://yandex%2F15551&lr=76&text=–æ–±–µ–∑—å—è–Ω–∫–∞	haberler.ru.msn.com.ua	avito.ruel.mynet.com.tradeasure	0	0	[3302]	[3666]	[903]	[996]	322	628	57	0	0		0	0	44	s◊	1	1	1	7	iPhone 2		4002484	-1	0		0	0	592	1990	117	2014-03-23 05:32:44	0	0	0	0	utf-8	401	0	0	0	0	663421629	0	0	0	0	0	c	2014-03-24 07:38:25	16	2	2	0	0	[]	1321231243	J¡i÷(¶·.ft0y	17131	-1	2	wi	•≥			0	-1	0	0	52	15	0	0	272	0	-1	-1	-1	401	-1	-1	0		0		“	0	[]											0	713690030010978492	14503036338486044784	0	0				[]	[]	[]	[]	[]	[]	¡àû+ö—‚Ì¿ÈbKQ9	6	0
6880179944191362326	1	–í –ø—Ä–æ–±–µ–≥–æ–º - –∫–∞—Ç–µ—Ä–∏—Å—Ç–æ—á–Ω–∏–∫	1	2014-03-23 16:12:53	2014-03-23	12461549	2042816759	∑Pxwësrˆ‰d+W3ˇ¢	8363	2084898566169119758	0	3	4	http://yandex.ru/yaristic_im.html		mail.yandex.ru		0	0	[]	[3666]	[903]	[]	1297	1010	29	8	0	0.	0	0	44	s◊	1	1	0	0			2938383	0	0		0	0	653	504	117	2014-03-23 05:48:42	0	0	0	0	utf-8	401	0	0	0	0	847205448	0	0	0	0	0	E	2014-03-24 07:51:46	0	0	0	0	0	[]	2080447566	©éhêå!iÄí\bÒZgÖŒ	-1	-1	-1	wi	•≥			0	-1	0	0	95	93	793	0	5720	0	-1	-1	-1	5017	3724	-1	0		0		“	0	[]											0	15284527577228392792	4983133167646354697	0	0				[]	[]	[]	[]	[]	[]	¡àû+ö—‚Ì¿ÈbKQ9	3	0
4926263996196211822	1	–í –ø—Ä–æ–±–µ–≥–æ–º - –∫–∞—Ç–µ—Ä–∏—Å—Ç–æ—á–Ω–∏–∫	1	2014-03-23 16:21:04	2014-03-23	12461549	2042816759	∑Pxwësrˆ‰d+W3ˇ¢	8363	2084898566169119758	0	3	4	http://yandex.ru/yaristic_im.html		mail.yandex.ru		0	0	[]	[3666]	[903]	[]	1297	1010	29	8	0	0.	0	0	44	s◊	1	1	0	0			2938383	0	0		0	0	653	504	117	2014-03-23 05:53:35	0	0	0	0	utf-8	401	0	0	0	0	1056965251	0	0	0	0	0	E	2014-03-24 07:57:58	0	0	0	0	0	[]	2080447566	©éhêå!iÄí\bÒZgÖŒ	-1	-1	-1	wi	•≥			0	-1	0	21	49	40	104	0	526	0	-1	-1	-1	1986	1645	-1	0		0		“	0	[]											0	15284527577228392792	4983133167646354697	0	0				[]	[]	[]	[]	[]	[]	¡àû+ö—‚Ì¿ÈbKQ9	6	0
4755557211339260600	1	PwC	1	2014-03-23 16:25:12	2014-03-23	12461549	2042816759	∑Pxwësrˆ‰d+W3ˇ¢	8363	2084898566169119758	0	3	4	http://yandex.ru/yandex.kz/index?appkey=&m[]=6&frommail.yandsearch?text=–Ω–∏–∫–æ–ª –≤ –ø—Ä–æ –∏ –Ω–µ–≤–∏–Ω–Ω–∏—Å–∞–∂	http://mynet.com%2Ftitle,pos,p1	mail.yandex.ru	naughtmyblaze.ru	0	0	[3302]	[3666]	[903]	[996]	1297	1010	29	8	0	0.	0	0	44	s◊	1	1	0	0			2938383	-1	0		0	0	653	504	117	2014-03-23 05:54:31	0	0	0	0	utf-8	401	0	0	0	0	346099590	0	0	0	0	0	E	2014-03-24 08:01:40	0	0	0	0	0	[]	2080447566	©éhêå!iÄí\bÒZgÖŒ	-1	-1	-1	wi	•≥			0	-1	0	0	59	78	0	0	2251	0	-1	-1	-1	3362	798	-1	0		0		“	0	[1555356]											0	6331778101536488133	6157439411447496521	0	0				[]	[]	[]	[]	[]	[]	¡àû+ö—‚Ì¿ÈbKQ9	7	0
4770046483886760822	1	Mercedes-Benz e-–∫–ª–∞—Å. –ú–æ–∂–Ω–æ –∫—É–ø–∏—Ç—å	1	2014-03-23 16:26:50	2014-03-23	12461549	2042816759	∑Pxwësrˆ‰d+W3ˇ¢	8363	2084898566169119758	0	3	4	http://yandex.ru/yandex.kz/weatherstyle/29/127737064&domain=hurriyet.com/volgogram/22/10/Default-tistings=535674/atturkiye	http://mynet.com/mate-guzellileridetay/80508/bio/video?q=–ø–æ—Ä–æ–¥–∞–∂–∞ —Ö–∞–±–∞—Ä–æ–≤ —Å —Ç–µ—Ö–Ω–æ–ª–æ–≥–∏—á–µ—Å–∫–∏—Ö	mail.yandex.ru	naughtmyblaze.ru	0	0	[3302]	[3666]	[903]	[996]	1297	1010	29	8	0	0.	0	0	44	s◊	1	1	0	0			2938383	-1	0		0	0	653	504	117	2014-03-23 06:02:18	0	0	0	0	utf-8	401	0	0	0	0	782597291	0	0	0	0	0	E	2014-03-24 08:03:20	0	0	0	0	0	[]	2080447566	©éhêå!iÄí\bÒZgÖŒ	-1	-1	-1	wi	•≥			0	-1	0	96	115	252	0	0	6165	306	-1	-1	-1	8173	1287	-1	0		0		“	0	[1555356]											0	8744694472066974558	13107909194127435888	0	0				[]	[]	[]	[]	[]	[]	¡àû+ö—‚Ì¿ÈbKQ9	5	0
8035654727346356734	1	–í –ø—Ä–æ–±–µ–≥–æ–º - –∫–∞—Ç–µ—Ä–∏—Å—Ç–æ—á–Ω–∏–∫	1	2014-03-23 16:27:45	2014-03-23	12461549	2042816759	∑Pxwësrˆ‰d+W3ˇ¢	8363	2084898566169119758	0	3	4	http://yandex.ru/yaristic_im.html		mail.yandex.ru		0	0	[]	[3666]	[903]	[]	1297	1010	29	8	0	0.	0	0	44	s◊	1	1	0	0			2938383	0	0		0	0	653	504	117	2014-03-23 06:02:54	0	0	0	0	utf-8	401	0	0	0	0	426221199	0	0	0	0	0	E	2014-03-24 08:04:20	0	0	0	0	0	[]	2080447566	©éhêå!iÄí\bÒZgÖŒ	-1	-1	-1	wi	•≥			0	-1	0	0	46	119	0	0	740	0	-1	-1	-1	1412	-1	-1	0		0		“	0	[]											0	15284527577228392792	4983133167646354697	0	0				[]	[]	[]	[]	[]	[]	¡àû+ö—‚Ì¿ÈbKQ9	15	0
8607066140185696713	1	–û—Ç—Å–ª–µ–∂–∏–≤–∞–Ω—ã - ‚Ññ1065 - ek≈üi	1	2014-03-23 16:28:07	2014-03-23	12461549	2042816759	∑Pxwësrˆ‰d+W3ˇ¢	8363	2084898566169119758	0	3	4	http://yandex.ru/yandex.kz/weatherson.html#78efe9869.shtml?wmid=143&srcid=UxB0pAAA6I9d0CWaWE%3DfrSMw	http://mynet.com%2Ftitle,pos,p1	mail.yandex.ru	naughtmyblaze.ru	0	0	[3302]	[3666]	[903]	[996]	1297	1010	29	8	0	0.	0	0	44	s◊	1	1	0	0			2938383	-1	0		0	0	653	504	117	2014-03-23 06:03:11	0	0	0	0	utf-8	401	0	0	0	0	813102074	0	0	0	0	0	E	2014-03-24 08:04:40	0	0	0	0	0	[]	2080447566	©éhêå!iÄí\bÒZgÖŒ	-1	-1	-1	wi	•≥			0	-1	15	110	78	102	0	0	2060	365	-1	-1	-1	2397	1361	-1	0		0		“	0	[1555356]											0	6331778101536488133	11618756116771170416	0	0				[]	[]	[]	[]	[]	[]	¡àû+ö—‚Ì¿ÈbKQ9	8	0
5872091609206767166	1	–í –ø—Ä–æ–±–µ–≥–æ–º - –∫–∞—Ç–µ—Ä–∏—Å—Ç–æ—á–Ω–∏–∫	1	2014-03-23 16:17:06	2014-03-23	12461549	1766508279	ÂüfÈ€öÕßÙ]>H∞ƒG	11534	314871572878047037	0	56	4	http://yandex.ru/yaristic_im.html	http://mynet.com%2Ftitle,pos,p1	mail.yandex.ru	naughtmyblaze.ru	0	0	[3302]	[3666]	[903]	[996]	1339	555	29	8	0	0.	0	0	44	s◊	1	1	0	0			4002484	-1	0		0	0	1802	942	117	2014-03-23 05:48:18	0	0	0	0	utf-8	401	0	0	0	0	1035856160	0	0	0	0	0	E	2014-03-24 07:53:45	0	0	0	0	0	[]	1552086083	∞^éôùÍ/ÃB≤‰UÉpD	-1	-1	-1	wi	•≥			0	-1	22	31	62	42	0	0	1327	0	-1	-1	-1	1381	-1	-1	0		0		“	0	[]											0	6331778101536488133	4983133167646354697	0	0				[]	[]	[]	[]	[]	[]	¡àû+ö—‚Ì¿ÈbKQ9	252	0
6699645891496674711	1	–í –ø—Ä–æ–±–µ–≥–æ–º - –∫–∞—Ç–µ—Ä–∏—Å—Ç–æ—á–Ω–∏–∫	1	2014-03-23 16:21:18	2014-03-23	12461549	1766508279	ÂüfÈ€öÕßÙ]>H∞ƒG	11534	314871572878047037	0	56	4	http://yandex.ru/yaristic_im.html	http://mynet.com%2Ftitle,pos,p1	mail.yandex.ru	naughtmyblaze.ru	0	0	[3302]	[3666]	[903]	[996]	1339	555	29	8	0	0.	0	0	44	s◊	1	1	0	0			4002484	-1	0		0	0	1802	942	117	2014-03-23 05:51:15	0	0	0	0	utf-8	401	0	0	0	0	563587185	0	0	0	0	0	E	2014-03-24 07:56:38	0	0	0	0	0	[]	1552086083	∞^éôùÍ/ÃB≤‰UÉpD	-1	-1	-1	wi	•≥			0	-1	16	22	83	63	0	0	1132	0	-1	-1	-1	1706	-1	-1	0		0		“	0	[]											0	6331778101536488133	4983133167646354697	0	0				[]	[]	[]	[]	[]	[]	¡àû+ö—‚Ì¿ÈbKQ9	178	0
8149355527847772674	1	–í –ø—Ä–æ–±–µ–≥–æ–º - –∫–∞—Ç–µ—Ä–∏—Å—Ç–æ—á–Ω–∏–∫	1	2014-03-23 16:24:43	2014-03-23	12461549	1766508279	ÂüfÈ€öÕßÙ]>H∞ƒG	11534	314871572878047037	0	56	4	http://yandex.ru/yaristic_im.html	http://mynet.com%2Ftitle,pos,p1	mail.yandex.ru	naughtmyblaze.ru	0	0	[3302]	[3666]	[903]	[996]	1339	555	29	8	0	0.	0	0	44	s◊	1	1	0	0			4002484	-1	0		0	0	1802	942	117	2014-03-23 05:54:01	0	0	0	0	utf-8	401	0	0	0	0	778610602	0	0	0	0	0	E	2014-03-24 07:58:46	0	0	0	0	0	[]	1552086083	∞^éôùÍ/ÃB≤‰UÉpD	-1	-1	-1	wi	•≥			0	-1	16	22	61	62	0	0	785	0	-1	-1	-1	1064	-1	-1	0		0		“	0	[]											0	6331778101536488133	4983133167646354697	0	0				[]	[]	[]	[]	[]	[]	¡àû+ö—‚Ì¿ÈbKQ9	173	0
8931522039698213139	1	–í –ø—Ä–æ–±–µ–≥–æ–º - –∫–∞—Ç–µ—Ä–∏—Å—Ç–æ—á–Ω–∏–∫	1	2014-03-23 16:28:08	2014-03-23	12461549	1766508279	ÂüfÈ€öÕßÙ]>H∞ƒG	11534	314871572878047037	0	56	4	http://yandex.ru/yaristic_im.html	http://mynet.com%2Ftitle,pos,p1	mail.yandex.ru	naughtmyblaze.ru	0	0	[3302]	[3666]	[903]	[996]	1339	555	29	8	0	0.	0	0	44	s◊	1	1	0	0			4002484	-1	0		0	0	1802	942	117	2014-03-23 05:56:58	0	0	0	0	utf-8	401	0	0	0	0	126947969	0	0	0	0	0	E	2014-03-24 08:00:54	0	0	0	0	0	[]	1552086083	∞^éôùÍ/ÃB≤‰UÉpD	-1	-1	-1	wi	•≥			0	-1	22	23	62	61	0	0	996	0	-1	-1	-1	1043	-1	-1	0		0		“	0	[]											0	6331778101536488133	4983133167646354697	0	0				[]	[]	[]	[]	[]	[]	¡àû+ö—‚Ì¿ÈbKQ9	240	0
7794706186709683946	1	–í –ø—Ä–æ–±–µ–≥–æ–º - –∫–∞—Ç–µ—Ä–∏—Å—Ç–æ—á–Ω–∏–∫	1	2014-03-23 16:32:20	2014-03-23	12461549	1766508279	ÂüfÈ€öÕßÙ]>H∞ƒG	11534	314871572878047037	0	56	4	http://yandex.ru/yaristic_im.html	http://mynet.com%2Ftitle,pos,p1	mail.yandex.ru	naughtmyblaze.ru	0	0	[3302]	[3666]	[903]	[996]	1339	555	29	8	0	0.	0	0	44	s◊	1	1	0	0			4002484	-1	0		0	0	1802	942	117	2014-03-23 05:59:55	0	0	0	0	utf-8	401	0	0	0	0	667659827	0	0	0	0	0	E	2014-03-24 08:03:47	0	0	0	0	0	[]	1552086083	∞^éôùÍ/ÃB≤‰UÉpD	-1	-1	-1	wi	•≥			0	-1	49	20	137	36	0	0	1861	0	-1	-1	-1	1987	-1	-1	0		0		“	0	[]											0	6331778101536488133	4983133167646354697	0	0				[]	[]	[]	[]	[]	[]	¡àû+ö—‚Ì¿ÈbKQ9	236	0
5920271052064151811	1	–ü–∏—Å—å–º–∞ —Å–∞–Ω–∏–µ	1	2014-03-23 16:27:56	2014-03-23	12461549	4071235651	˙≤˙É‡CçYÓÀÂ*\\(a	9580	532344165497878132	0	56	4	http://yandex.ru/c/11393489.0744	http://go.mail.ru&js=1&ref	mail.yandex.ru	yandex.ru	0	0	[353]	[3666]	[903]	[28]	1339	555	29	8	0	0.	0	0	44	s◊	1	1	0	0			2608898	3	2		0	0	1136	593	117	2014-03-23 05:51:52	3	0	51135	0	utf-8	401	0	0	0	4969423154180479309	317525830	0	0	0	0	0	E	2014-03-24 07:58:16	55	2	2	0	0	[]	2774799269	Yòl0\t∆ƒª~˚õÖÜÛ3	-1	-1	-1	wi	•≥			0	-1	869	2	1010	390	0	0	578	0	-1	-1	-1	2739	2266	-1	0		0		“	0	[]											0	4313994922287858055	3771131554017970634	0	0				[]	[]	[]	[]	[]	[]	¡àû+ö—‚Ì¿ÈbKQ9	2	0
6723139378573305403	0	–°–æ–≤—Ä–µ–º–µ–Ω–∞ - –§—É—Ç–±–æ–ª—å—à–∏—Ö	1	2014-03-23 16:22:12	2014-03-23	12461549	1575473191	myzæ€÷1™MÖá0+Ωc	15887	16742594366701915203	0	223	42	https://mail.yandex.ru/dage-olume[2]=&engine_volum-yenisafak.com.tr%2Fsite.html#/battle/ffffff-healty.ru/producers	http://mynet.com/porno/page=1&search;web;;%2Fweb%2Fitem%2Ftitle,pos,p0,source,web	games.mail.yandex	naughtmyblaze.ru	0	0	[3302]	[3666]	[903]	[996]	317	763	57	0	0		0	0	0	s◊	1	1	1	1	S820_ROW		2699355	-1	0		0	0	430	407	117	2014-03-23 05:44:30	0	0	0	0	utf-8	401	0	0	0	0	230589762	0	0	0	0	0	E	2014-03-24 07:50:54	0	0	0	0	0	[]	1929084301	åæ5—éæwﬁfì¯OéÎê	-1	-1	-1	wi	I7			0	-1	-1	-1	-1	-1	-1	-1	-1	-1	-1	-1	-1	-1	-1	-1	0		0		“	0	[]											0	16147094646787160408	3267175271180936349	0	0				[]	[]	[]	[]	[]	[]	¡àû+ö—‚Ì¿ÈbKQ9	92	0
6310212742328505656	0	–°–æ–≤—Ä–µ–º–µ–Ω–∞ - –§—É—Ç–±–æ–ª—å—à–∏—Ö	1	2014-03-23 16:22:30	2014-03-23	12461549	1575473191	myzæ€÷1™MÖá0+Ωc	15887	16742594366701915203	0	223	42	https://mail.yandex.ru/dage-olume[2]=&engine_volum-yenisafak.com.tr%2Fsite_id=1955498279&lr=2222_internatik.com.tr&callback	http://vestivarka=39&model.xml?type=11&ved=0CCgQFjAJ&url=aHR0cDovL21hcmtldGdpZC5jb20#.Uykh-uslug	games.mail.yandex	vk.com.ua-footoday	0	0	[3302]	[3666]	[903]	[996]	317	763	57	0	0		0	0	0	s◊	1	1	1	1	S820_ROW		2699355	-1	0		0	0	430	407	117	2014-03-23 05:45:01	0	0	0	0	utf-8	401	0	0	0	0	826263063	0	0	0	0	0	E	2014-03-24 07:51:18	0	0	0	0	0	[]	1929084301	åæ5—éæwﬁfì¯OéÎê	-1	-1	-1	wi	I7			0	-1	-1	-1	-1	-1	-1	-1	-1	-1	-1	-1	-1	-1	-1	-1	0		0		“	0	[]											0	2316055356621577660	1824019458964194192	0	0				[]	[]	[]	[]	[]	[]	¡àû+ö—‚Ì¿ÈbKQ9	65	0
8665395302091187491	0	–°–æ–≤—Ä–µ–º–µ–Ω–∞ - –§—É—Ç–±–æ–ª—å—à–∏—Ö	1	2014-03-23 16:22:43	2014-03-23	12461549	1575473191	myzæ€÷1™MÖá0+Ωc	15887	16742594366701915203	0	223	42	https://mail.yandex.ru/dage-olume[2]=&engine_volum-yenisafak.com.tr%2Fsite_id=106/cid=191&rpt=simages%2Fthumb%2Fimage&lr=157	http://vestivarka=39&model.xml?type=11&ved=0CCgQFjAJ&url=aHR0cDovL21hcmtldGdpZC5jb20v&com_id=0&body_type=0&clid=1980&s_tg=&tariniz	games.mail.yandex	vk.com.ua-footoday	0	0	[3302]	[3666]	[903]	[996]	317	763	57	0	0		0	0	0	s◊	1	1	1	1	S820_ROW		2699355	-1	0		0	0	430	407	117	2014-03-23 05:45:12	0	0	0	0	utf-8	401	0	0	0	0	588577730	0	0	0	0	0	E	2014-03-24 07:51:28	0	0	0	0	0	[]	1929084301	åæ5—éæwﬁfì¯OéÎê	-1	-1	-1	wi	I7			0	-1	-1	-1	-1	-1	-1	-1	-1	-1	-1	-1	-1	-1	-1	-1	0		0		“	0	[]											0	1560098688466543352	11767694963289811056	0	0				[]	[]	[]	[]	[]	[]	¡àû+ö—‚Ì¿ÈbKQ9	121	0
8611399304547034181	0	–°–æ–≤—Ä–µ–º–µ–Ω–∞ - –§—É—Ç–±–æ–ª—å—à–∏—Ö	1	2014-03-23 16:22:51	2014-03-23	12461549	1575473191	myzæ€÷1™MÖá0+Ωc	15887	16742594366701915203	0	223	42	https://mail.yandex.ru/dage-olume[2]=&engine_volum-yenisafak.com.tr%2Fsite_id=1188c56ff8058343682.1_29_et._30108879a9aa61ea73752719	http://vestivarka=39&model.xml?type=11&ved=0CCgQFjAJ&url=aHR0cDovL21hcmtldGdpZC5jb20vdmlyLnJ1Lw%3D%26engine_volume2=40&sid=6&ved	games.mail.yandex	vk.com.ua-footoday	0	0	[3302]	[3666]	[903]	[996]	317	763	57	0	0		0	0	0	s◊	1	1	1	1	S820_ROW		2699355	-1	0		0	0	430	407	117	2014-03-23 05:45:23	0	0	0	0	utf-8	401	0	0	0	0	356217277	0	0	0	0	0	E	2014-03-24 07:51:41	0	0	0	0	0	[]	1929084301	åæ5—éæwﬁfì¯OéÎê	-1	-1	-1	wi	I7			0	-1	-1	-1	-1	-1	-1	-1	-1	-1	-1	-1	-1	-1	-1	-1	0		0		“	0	[]											0	11767694963832011096	2937255180427836822	0	0				[]	[]	[]	[]	[]	[]	¡àû+ö—‚Ì¿ÈbKQ9	111	0
6502069373992989721	0	–°–æ–≤—Ä–µ–º–µ–Ω–∞ - –§—É—Ç–±–æ–ª—å—à–∏—Ö	1	2014-03-23 16:23:02	2014-03-23	12461549	1575473191	myzæ€÷1™MÖá0+Ωc	15887	16742594366701915203	0	223	42	https://mail.yandex.ru/dage-olume[2]=&engine_volum-yenisafak.com.tr%2Fsite_id=1903-wh-793-1862278383&c3=ffffffffdf882f80144e5f158fdc	http://vestivarka=39&model.xml?type=11&ved=0CCgQFjAJ&url=aHR0cDovL21hcmtldGdpZC5jb20vcG5ld3MuZ25lemRvcFZ3cXpwRzlKa2tXbWgtWA&b64e	games.mail.yandex	vk.com.ua-footoday	0	0	[3302]	[3666]	[903]	[996]	317	763	57	0	0		0	0	0	s◊	1	1	1	1	S820_ROW		2699355	-1	0		0	0	430	407	117	2014-03-23 05:45:37	0	0	0	0	utf-8	401	0	0	0	0	422809779	0	0	0	0	0	E	2014-03-24 07:51:49	0	0	0	0	0	[]	1929084301	åæ5—éæwﬁfì¯OéÎê	-1	-1	-1	wi	I7			0	-1	-1	-1	-1	-1	-1	-1	-1	-1	-1	-1	-1	-1	-1	-1	0		0		“	0	[]											0	3111198995473007829	15232020126171326576	0	0				[]	[]	[]	[]	[]	[]	¡àû+ö—‚Ì¿ÈbKQ9	110	0
7395638780722795911	0	–°–æ–≤—Ä–µ–º–µ–Ω–∞ - –§—É—Ç–±–æ–ª—å—à–∏—Ö	1	2014-03-23 16:23:10	2014-03-23	12461549	1575473191	myzæ€÷1™MÖá0+Ωc	15887	16742594366701915203	0	223	42	https://mail.yandex.ru/dage-olume[2]=&engine_volum-yenisafak.com.tr%2Fsite_id=1830520[]=2&FILTER[32685626%2Fb%2Ffotogram/18	http://vestivarka=39&model.xml?type=11&ved=0CCgQFjAJ&url=aHR0cDovL21hcmtldGdpZC5jb20udWElM0QlM0RmZVNmZ1NNVzJyZkNmxFafzTGrazFsbKeQXfHEFzFfLycbGiwgeyVqAFM8Hj0hFn56d1xSX0ZOcwkxX0V5fAZR	games.mail.yandex	vk.com.ua-footoday	0	0	[3302]	[3666]	[903]	[996]	317	763	57	0	0		0	0	0	s◊	1	1	1	1	S820_ROW		2699355	-1	0		0	0	430	407	117	2014-03-23 05:45:49	0	0	0	0	utf-8	401	0	0	0	0	1015390617	0	0	0	0	0	E	2014-03-24 07:52:02	0	0	0	0	0	[]	1929084301	åæ5—éæwﬁfì¯OéÎê	-1	-1	-1	wi	I7			0	-1	-1	-1	-1	-1	-1	-1	-1	-1	-1	-1	-1	-1	-1	-1	0		0		“	0	[]											0	15232020126713526616	11875920749657778288	0	0				[]	[]	[]	[]	[]	[]	¡àû+ö—‚Ì¿ÈbKQ9	122	0
4850926408483995792	0	–°–æ–≤—Ä–µ–º–µ–Ω–∞ - –§—É—Ç–±–æ–ª—å—à–∏—Ö	1	2014-03-23 16:23:19	2014-03-23	12461549	1575473191	myzæ€÷1™MÖá0+Ωc	15887	16742594366701915203	0	223	42	https://mail.yandex.ru/dage-olume[2]=&engine_volum-yenisafak.com.tr%2Fsite_id=1_844_128338&text=–Ω–∏—Å—Å–∞—Ç –±3 2.0 —Å–∫–∞—á–∞—Ç—å	http://vestivarka=39&model.xml?type=11&ved=0CCgQFjAJ&url=aHR0cDovL21hcmtldGdpZC5jb20vcG5ld3MtUUov2KB1GZjamJIeW1nQ3NGMkVMNEZBa3hpZ2VzLzI3L25ld3MvMjgw	games.mail.yandex	vk.com.ua-footoday	0	0	[3302]	[3666]	[903]	[996]	317	763	57	0	0		0	0	0	s◊	1	1	1	1	S820_ROW		2699355	-1	0		0	0	430	407	117	2014-03-23 05:46:01	0	0	0	0	utf-8	401	0	0	0	0	583663939	0	0	0	0	0	E	2014-03-24 07:52:16	0	0	0	0	0	[]	1929084301	åæ5—éæwﬁfì¯OéÎê	-1	-1	-1	wi	I7			0	-1	-1	-1	-1	-1	-1	-1	-1	-1	-1	-1	-1	-1	-1	-1	0		0		“	0	[]											0	11875920750199978328	4452926215554207674	0	0				[]	[]	[]	[]	[]	[]	¡àû+ö—‚Ì¿ÈbKQ9	107	0
5305634367927610522	0	–°–æ–≤—Ä–µ–º–µ–Ω–∞ - –§—É—Ç–±–æ–ª—å—à–∏—Ö	1	2014-03-23 16:23:48	2014-03-23	12461549	1575473191	myzæ€÷1™MÖá0+Ωc	15887	16742594366701915203	0	223	42	https://mail.yandex.ru/dage-olume[2]=&engine_volum-yenisafak.com.tr%2Fsite_id=19554212079d1b7cbb8a6a2.jpeg%3DfeSfgSYmI%3DfdSNTU2feSMzAw	http://vestivarka=39&model.xml?type=11&ved=0CCgQFjAJ&url=aHR0cDovL21hcmtldGdpZC5jb21f3fc3aaa24dc63a21xZGVqSE1GcFQxUkJN&b64e=2	games.mail.yandex	vk.com.ua-footoday	0	0	[3302]	[3666]	[903]	[996]	317	763	57	0	0		0	0	0	s◊	1	1	1	1	S820_ROW		2699355	-1	0		0	0	430	407	117	2014-03-23 05:46:25	0	0	0	0	utf-8	401	0	0	0	0	167969307	0	0	0	0	0	E	2014-03-24 07:52:45	0	0	0	0	0	[]	1929084301	åæ5—éæwﬁfì¯OéÎê	-1	-1	-1	wi	I7			0	-1	-1	-1	-1	-1	-1	-1	-1	-1	-1	-1	-1	-1	-1	-1	0		0		“	0	[]											0	3480781366221101891	1661165035492520768	0	0				[]	[]	[]	[]	[]	[]	¡àû+ö—‚Ì¿ÈbKQ9	127	0
7687055982568657638	1	–ò—Å—Ç–æ—Ä–∏–µ–Ω—Ç–æ–≤ –Ω–∞ AVITO.ru - –ü–æ—Ç—Ç–µ—Ö–Ω–∏–∫—É –≤ –∞—Å–æ—Ü—ñ–∞–ª—å–Ω—ã–π —Å–∞–π—Ç –ù–∞ —é–≥–æ-–≤–æ—Å—Ç–∏–Ω–≥–∞" : –æ–¥–∏–Ω –±—ã—Ç–æ–≤–æ–≥–æ –ø–∞—Ä—Ñ—é–º–µ—Ä–∏–ª–∏ –Ω–æ–≤–æ—Å—Ç–∏, –¥–µ—Ä–µ–≤–æ–¥—ã. Realty.dmir.ru - –ü–æ—á—Ç–∞ Mail	1	2014-03-23 16:58:38	2014-03-23	33044186	2126080452	˙∑v∑ΩœçÀhÀi"rJìb	89	2034549784946942048	1	3	5	http://yandex.ru/cgi/online.com.ua/detskie-spb.blizko.ru/index.ru	https://market.yandsearch/non.ru	top-androeed	rabota.yandex	0	0	[3,15,63,95,75,381,2182,4132,10886,16137,15261,13770]	[2,15,46,123,102,507,3498,4504,15216,10157,15095,11161]	[18]	[28]	1846	1640	57	8	0	0.77	3	6	10	s◊	1	1	0	0			2175425	-1	0		0	0	1071	955	945	2014-03-24 11:26:33	5	1	19832	0	utf-8	401	0	0	0	5669772058100890221	888201737	0	0	0	0	0	E	2014-03-23 06:10:57	39	1	3	8971	0	[95,6,408,103,10,3,44,42,76,47,3993,209,51]	1341355226	˝Ÿ@·ò$bà]Lè∏HÅi9	-1	-1	-1	nD	•≥			0	-1	-1	-1	-1	-1	-1	-1	-1	-1	-1	-1	-1	-1	-1	-1	0		0		“	0	[]											0	15349291019717589336	8037358779388095153	0	0				[]	[]	[]	[]	[]	[]	¡àû+ö—‚Ì¿ÈbKQ9	0	0
5772344969531870975	1	¬´–°–±–µ—Ä–±–∞–π–¥–∂–∞–Ω–µ, –≤–∞–∫–∞–Ω—Å–∏–π –∏ –¥–∂–µ–º–ø–µ—Ä —Ü–µ–Ω—ã –Ω–∞–π–¥–µ–Ω–æ –≤ –Ø–Ω–¥–µ–∫—Å.–†–∞–±–æ—Ç–∞ –¥–ª—è –∑–∞–Ω—è—Ç–∏—è —á–∏—Å–ª–µ –∑–∞ 450 000 —Ä—É–±–ª–µ–π –ü–ö | –ö—É–ø–∏—Ç—å Ladie | News.ru - –ù–æ–≤–æ—Å—Ç–∏ ‚Ä¢ –ü—Ä–æ–¥–∞–∂–µ –∫ Eurospor-Fenerbah√ße Speed: Resmi intine —Ç—Ä–∞—Ö–∞–Ω–∏–∫, - Politikam alƒ±n mustafa Keyfiniti JX –≤–Ω–µ–¥–æ–ø—É—Å–∫–∞ | mp3, –≤–∏–¥–µ–æ ‚Äì —á–∞—Å—Ç–Ω—ã—Ö —Ñ–æ—Ç–æ —ç—Ä–æ—Ç–∏–≤ –£–∫—Ä–∞–∏–Ω—Å–∫–∞—è –ö–æ–º–ø–∞–Ω–∏–π –≤ –ú–æ—Å–∫–æ–≤—Å–∫–∏–º	1	2014-03-23 03:16:04	2014-03-23	1529	374391783	„∑©æyπ\\˘WÉü\fíq	154	1688129825915497537	1	56	3	http://realty.dmir.ru/yandex.kz/Tsvet-risunki	http://apps/docview/Kvasi.html&ei=cL5HMPDC31TNXJ0MHZlWHNVctY2ozU0EzNUJVddxVjBmc1ld9IX1iEAbgEDgu	kolesa.kz	forum.print.ru.msn.com.travel	0	0	[2672,3170]	[5,7,96,420,477]	[]	[28]	1846	849	29	8	0	0.	0	0	24	s◊	1	1	0	0			1072276	3	12	–ø–æ–µ–∑–¥–∞ –º–æ–ª–¥–æ–≤–∞–Ω–Ω–æ–π	0	0	785	832	296	2014-03-23 00:08:04	0	0	0	0	utf-8	401	0	0	0	6192436962476724500	979256876	0	0	0	0	0	E	2014-03-23 20:34:42	0	0	0	0	0	[]	327000091	?„gëÉiSa˙Èçw∏Y	-1	-1	-1	nD	Tp			0	-1	49	0	642	1	1637	0	-1	-1	-1	-1	-1	-1	-1	-1	0		0		“	0	[]											0	6855930052452742827	6759968051075183589	0	0				[]	[]	[]	[]	[]	[]	¡àû+ö—‚Ì¿ÈbKQ9	2	0
6133511635323783592	0	–î–æ—Å–∫–∞ –±–µ–∑ –ø–æ—Å—Ç—É–ø–∞–≤–Ω–∞—è –ø—Ä–∞–∑–¥–µ–ª–∏—è –ø–æ–ª–æ–∂–∏–ª–∏—â–µ	1	2014-03-23 11:10:20	2014-03-23	1946	1936436644	*Srù®¬Ω\bpÃ‚JGöO	196	11626159163821345859	1	223	42	http://avito.ru/for/spravoslavl.upravili.ru		yandex.ru		0	0	[]	[106,323,1092,3676,13188]	[18]	[]	317	763	57	0	0		0	0	4	s◊	1	1	1	1	S820_ROW		647650	0	0		0	0	592	1639	157	2014-03-23 03:51:31	0	0	0	0	utf-8	401	0	0	0	0	729839554	0	0	0	0	0	E	2014-03-23 03:36:02	0	0	0	0	0	[]	1982208793	æ,ﬁÚƒD‰#~~(7àù4	-1	-1	-1	nD	Tp			0	-1	-1	-1	-1	-1	-1	-1	-1	-1	-1	-1	-1	-1	-1	-1	0		0		“	0	[]											0	15284527577228392792	2529151358065175971	0	0				[]	[]	[]	[]	[]	[]	¡àû+ö—‚Ì¿ÈbKQ9	0	0
8472838923458193599	0	–õ–∏—á–Ω—ã–π –∫–æ–º–ø–∞–Ω–∏–π: "–í –±–æ—Ä–æ–Ω—ã –ø–∞–Ω–µ–ª–∏	1	2014-03-23 10:26:41	2014-03-23	1946	2822174503	ÉÙƒ|b\0a^ÄãõU<“Z	950	1989946518134869356	1	42	71	http://avito.ru/shoes-with-avciliusersView		yandex.ru		0	0	[]	[106,323,1092,3676,13188]	[18]	[]	1012	1980	57	0	0		0	0	6	s◊	1	1	1	7	iPhone 2		1	0	0		0	0	592	1376	352	2014-03-23 04:42:49	0	0	0	0	utf-8	401	0	0	0	0	285947293	0	0	0	0	0	E	2014-03-23 02:39:02	16	2	2	66	0	[2193,82,265,14,95,6,100,9,72,3275,1,70,11]	3219490004	\nz›aXªÌôÀÈs.¢Ô	-1	-1	-1	nD	Tp			0	-1	0	0	0	2817	2921	2527	30475	0	-1	-1	-1	29211	-1	-1	0		0		“	0	[]											0	15284527577228392792	15977284023899318384	0	0				[]	[]	[]	[]	[]	[]	¡àû+ö—‚Ì¿ÈbKQ9	15	0
8207621839602888071	0	21:24:02) ¬´ –ü–æ–ª–∏—Ç–∏–∫	1	2014-03-23 18:06:44	2014-03-23	1946	2556599157	ﬂWI¸o-SlÏ˜∞Hëé	114	551112348121871248	1	42	71	http://avito.ru/for/zilcc.ru/tsotsbank		yandex.ru		0	0	[]	[106,323,1092,3676,13188]	[18]	[]	1009	1980	57	0	0		0	0	6	s◊	1	1	1	7			2289966	0	0		0	0	430	234	117	2014-03-23 19:08:37	0	0	0	0	utf-8	401	0	0	0	0	131924827	0	0	0	0	0	E	2014-03-23 12:13:53	0	0	0	0	0	[]	3345370891	{ãÒÿt%fíØY7w›Ü	-1	-1	-1	HX	J4			0	-1	0	0	0	3912	0	0	-1	-1	-1	-1	-1	-1	-1	-1	0		0		“	0	[]											0	15284527577228392792	6785386778629335136	0	0				[]	[]	[]	[]	[]	[]	¡àû+ö—‚Ì¿ÈbKQ9	6	0
6986728922972248352	0	–ñ–µ–Ω—Å–∫–∞—è –±–∏–±–ª–∏ –≤ —à–æ–ø–æ–≥—Ä—É–∑–∫–∏	1	2014-03-23 18:17:14	2014-03-23	1946	2556599157	ﬂWI¸o-SlÏ˜∞Hëé	114	551112348121871248	1	42	71	http://avito.ru/forums.kuba.com/kampaign/files	http://yandex.net/ru/video/search	yandex.ru	tury.ru.msn	0	0	[85,350,1212,3849,8358]	[106,323,1092,3676,13188]	[18]	[28]	1009	1980	57	0	0		0	0	6	s◊	1	1	1	7			2289966	-1	0		0	0	592	503	117	2014-03-23 19:18:45	0	0	0	0	utf-8	401	0	0	0	0	1070533242	0	0	0	0	0	E	2014-03-23 12:25:44	0	0	0	0	0	[]	3345370891	{ãÒÿt%fíØY7w›Ü	-1	-1	-1	HX	J4			0	-1	0	0	0	1477	0	0	-1	-1	-1	-1	-1	-1	-1	-1	0		0		“	0	[]											0	6372803000235980495	925019927264479664	0	0				[]	[]	[]	[]	[]	[]	¡àû+ö—‚Ì¿ÈbKQ9	7	0
5559361293957300414	0	–ñ–µ–Ω—Å–∫–∞—è –±–∏–±–ª–∏ (—Å–µ—Ä–∏–∞–ª "–§–∏–∫—Å–∏–∫–∞	1	2014-03-23 18:17:33	2014-03-23	1946	2556599157	ﬂWI¸o-SlÏ˜∞Hëé	114	551112348121871248	1	42	71	http://avito.ru/forums.kuban.ru/volgogradmir	http://yandex.net/legkovye-avtorii/118534731400928	yandex.ru	tury.ru.msn	0	0	[85,350,1212,3849,8358]	[106,323,1092,3676,13188]	[18]	[28]	1009	1980	57	0	0		0	0	6	s◊	1	1	1	7			2289966	-1	0		0	0	592	503	117	2014-03-23 19:19:06	0	0	0	0	utf-8	401	0	0	0	0	647923622	0	0	0	0	0	E	2014-03-23 12:26:14	0	0	0	0	0	[]	3345370891	{ãÒÿt%fíØY7w›Ü	-1	-1	-1	HX	J4			0	-1	0	0	0	1166	0	0	-1	-1	-1	-1	-1	-1	-1	-1	0		0		“	0	[]											0	884992008826344665	4724303053209794720	0	0				[]	[]	[]	[]	[]	[]	¡àû+ö—‚Ì¿ÈbKQ9	5	0
6617135007550525549	0	–û –≤–≤–µ—Ç–æ–≤) –¥–ª—è ALCATE&sortf=DT_LAST_PUBLICATE&sort). –†–µ–≥–∏—Å—Ç—Ä–∞—Ü–∏–∏, –∫—É–ø–∏—Ç—å Volvo Sexy	1	2014-03-23 16:14:07	2014-03-23	8221043	1279830590	í≤j1\bé÷[Ù|H3·	225	2861635209668344684	0	82	105	http://yandex.ru/neo2/#messages.yandex.ru/users.html#cmnt	http://yandex.ru/cat.php?name":"–°–æ–ª–æ–º–µ–Ω—è—Ç—å —Å–æ–Ω–∏–∫—Å-3–º –∞–Ω–∞–ª –Ω–∞ —É–∫—Ä–∞–¥—É–≥–∞.—Ä—Ñ/idea.com/galler/turne.com.tr/write-avtozvuchatsky-guitar-3SXGLQ854SXQ?sira=7	ista.uaprodessa	cars.auto.ruel	0	0	[5,9,57,353,3849]	[13,11,240,3918,3676]	[18]	[28]	968	1640	57	0	0		0	0	26	s◊	1	1	1	1	LG Optimus		2179614	3	2	how to copystalk 230 –∫–º	0	0	592	1280	209	2014-03-23 06:40:55	0	0	0	0	utf-8	401	0	0	0	0	558315821	0	0	0	0	0	E	2014-03-23 23:37:35	16	1	3	4	0	[72,14,925,9]	1095027162	=xÿ‹ ñ«Ï„≥å mzkÉ	-1	-1	-1	nD	Tp			0	-1	-1	-1	-1	-1	-1	-1	-1	-1	-1	-1	-1	-1	-1	-1	0		0		“	0	[]											0	7834825270834824731	12435296265939118192	0	0				[]	[]	[]	[]	[]	[]	¡àû+ö—‚Ì¿ÈbKQ9	1	0
9065033574850035452	1	–°–µ—Ä–∏—è 9 - 2013. –î–µ—Ç–∏@Mail.Ru ‚Äî —Å–æ—Ü–∏–∞–ª–∏—Å—Ç	1	2014-03-23 16:20:14	2014-03-23	8221043	3199985924	?”’}›ÄWå™:ÆÆEdT	162	851600322817957779	0	56	4	http://yandsearch?lr=35&rpt=simage&lr=66&text=—Ä–æ–∑–∞–≤—Ä–∏–ª–æ–≤–∞	http://google.com/games.mail.ru	ista.uaprodessa	cars.auto.ruel	0	0	[5,9,57,353,3849]	[13,11,240,3918,3676]	[18]	[28]	1622	1583	29	8	0	0.	0	0	44	s◊	1	1	0	0			4076823	3	2		0	0	1994	561	117	2014-03-23 06:43:38	0	0	0	0	utf-8	401	0	0	0	9007862211105217806	42215400	0	0	0	0	0	E	2014-03-23 23:44:06	16	1	2	858	0	[14,5,80,4,6,72]	2532292687	Ê–ùÙ·—◊ûk˛õ˚R;y	-1	-1	-1	nD	•≥			0	-1	47	40	590	134	0	0	2110	-1	-1	-1	-1	-1	3460	-1	0		0		“	0	[]											0	1930741556500475038	9207967286803898539	0	0				[]	[]	[]	[]	[]	[]	¡àû+ö—‚Ì¿ÈbKQ9	1	0
8262700426099359718	1		1	2014-03-23 16:21:13	2014-03-23	8221043	3199985924	?”’}›ÄWå™:ÆÆEdT	162	851600322817957779	0	56	4	http://video/embed/68411756114414293	http://foto-395077193b7240786&lr=11110436606	amksports.ru.livemaster	cars.auto.ru.msn	0	0	[9,8,193,2199,3849]	[45,333]	[18,348]	[28]	1622	1583	29	8	0	0.	0	0	44	s◊	1	1	0	0			4076823	5	0		0	0	1994	561	117	2014-03-23 06:44:38	0	0	0	0	utf-8	401	1	0	0	9007862211105217806	42215400	0	0	0	1	0	E	2014-03-23 23:45:00	16	2	2	858	0	[14,5,80,4,6,72]	2532292687	Ê–ùÙ·—◊ûk˛õ˚R;y	-1	-1	-1	nD	•≥			0	-1	-1	-1	-1	-1	-1	-1	-1	49	5647	4852	2	2891	-1	-1	0		0		“	0	[]											0	8973952666555335426	2532179236054953957	0	0				[]	[]	[]	[]	[]	[]	¡àû+ö—‚Ì¿ÈbKQ9	2	1
8599500047480121116	1	–ë—Ä—é–∫–∏ —Å TurboBit.net - —Ñ–∏–ª—å–º—ã –æ–Ω–ª–∞–π–Ω –Ω–∞ 2014 - –§–∏–Ω–∞–Ω—Å–∏–π	1	2014-03-23 16:22:36	2014-03-23	8221043	3199985924	?”’}›ÄWå™:ÆÆEdT	162	851600322817957779	0	56	4	http://hurpass.com/ogrevolyni	http://foto-395077193b7240786&lr=11110436606	photostrana	cars.auto.ru.msn	0	0	[9,8,193,2199,3849]	[9,121]	[]	[28]	1622	1583	29	8	0	0.	0	0	44	s◊	1	1	0	0			4076823	5	0		0	0	1994	561	117	2014-03-23 06:46:24	0	0	0	0	utf-8	401	1	0	0	9007862211105217806	42215400	0	0	0	1	0	E	2014-03-23 23:46:39	16	2	2	858	0	[14,5,80,4,6,72]	2532292687	Ê–ùÙ·—◊ûk˛õ˚R;y	-1	-1	-1	nD	•≥			0	-1	-1	-1	-1	-1	-1	-1	-1	-1	-1	-1	-1	-1	-1	-1	0		0		“	0	[]											0	8973952666555335426	18315239292404426864	0	0				[]	[]	[]	[]	[]	[]	¡àû+ö—‚Ì¿ÈbKQ9	3	1
6229935597032769119	1	–°–µ—Ä–∏—è 9 - 2013. –î–µ—Ç–∏@Mail.Ru ‚Äî —Å–æ—Ü–∏–∞–ª–∏—Å—Ç	1	2014-03-23 16:22:58	2014-03-23	8221043	3199985924	?”’}›ÄWå™:ÆÆEdT	162	851600322817957779	0	56	4	http://yandsearch?lr=35&rpt=simage&lr=66&text=—Ä–æ–∑–∞–≤—Ä–∏–ª–æ–≤–∞	http://google.com/games.mail.ru	ista.uaprodessa	cars.auto.ruel	0	0	[5,9,57,353,3849]	[13,11,240,3918,3676]	[18]	[28]	1622	1583	29	8	0	0.	0	0	44	s◊	1	1	0	0			4076823	3	2		0	0	1994	561	117	2014-03-23 06:46:48	0	0	0	0	utf-8	401	0	0	0	9007862211105217806	845095662	0	0	0	0	0	E	2014-03-23 23:46:59	16	2	2	858	0	[14,5,80,4,6,72]	2532292687	Ê–ùÙ·—◊ûk˛õ˚R;y	-1	-1	-1	nD	•≥			0	-1	0	0	1	1	0	0	562	-1	-1	-1	-1	-1	303	-1	0		0		“	0	[]											0	1930741556500475038	9207967286803898539	0	0				[]	[]	[]	[]	[]	[]	¡àû+ö—‚Ì¿ÈbKQ9	6	0
8156909267415167339	1	–ë—Ä—é–∫–∏ —Å TurboBit.net - —Ñ–∏–ª—å–º—ã –æ–Ω–ª–∞–π–Ω –Ω–∞ 2014 - –§–∏–Ω–∞–Ω—Å–∏–π	1	2014-03-23 16:23:08	2014-03-23	8221043	3199985924	?”’}›ÄWå™:ÆÆEdT	162	851600322817957779	0	56	4	http://hurpass.com/ogrevolyni	http://foto-395077193b7240786&lr=11110436606	photostrana	cars.auto.ru.msn	0	0	[9,8,193,2199,3849]	[9,121]	[]	[28]	1622	1583	29	8	0	0.	0	0	44	s◊	1	1	0	0			4076823	5	0		0	0	1994	561	117	2014-03-23 06:47:01	0	0	0	0	utf-8	401	1	0	0	9007862211105217806	845095662	0	0	0	1	0	E	2014-03-23 23:47:08	16	2	2	858	0	[14,5,80,4,6,72]	2532292687	Ê–ùÙ·—◊ûk˛õ˚R;y	-1	-1	-1	nD	•≥			0	-1	-1	-1	-1	-1	-1	-1	-1	51	2009	1293	2	702	-1	-1	0		0		“	0	[]											0	8973952666555335426	18315239292404426864	0	0				[]	[]	[]	[]	[]	[]	¡àû+ö—‚Ì¿ÈbKQ9	7	1
8094433118608774279	0	–°–≤–µ—Ç—Å–∫–∏–µ –≥–ª–∞–≤–Ω—ã–µ, –¥–æ–ª–ª–∞: —É–ø—Ä–∞–∂–Ω—ã–µ —Å–µ—Ä–∏–∞–ª—ã –¥–æ–ª–ª–∞—Ä - –°—Ç—Ä–∞–Ω–∏—Ü–∞ 10 —Å–æ–Ω. –ñ–µ–Ω—Å–∫—É—é —Å–∏—Å—Ç–µ–º–∞ Rezervative Burcundai Sanatik	1	2014-03-23 16:33:25	2014-03-23	18645263	1790084893	`zNX+_ØàÚƒí5ºä	8363	803723286935347333	0	42	71	http://blog/resim-6/	http://yonja.com/quests	forum.shestvennik.ru	yandex.ru	0	0	[353]	[]	[]	[28]	1012	1980	57	0	0		0	0	6	s◊	1	1	1	7	iPhone 2		3031088	1	0		0	0	592	1376	117	2014-03-23 07:39:47	0	0	0	0	utf-8	401	0	0	0	5718608483174516921	922710799	0	0	0	0	0	E	2014-03-24 01:25:47	16	2	2	0	0	[]	1983574728	„ÎÓd˛ë2_˙)∫Öyπ”Æ	62835	-1	1	wi	I7			0	-1	0	0	0	7617	0	0	5486	984	-1	-1	-1	15108	-1	-1	0		0		“	0	[]											0	2351151346570785378	7780118309660496456	0	0				[]	[]	[]	[]	[]	[]	¡àû+ö—‚Ì¿ÈbKQ9	1	0
8555937822471823535	0		1	2014-03-23 16:34:48	2014-03-23	18645263	1790084893	`zNX+_ØàÚƒí5ºä	8363	803723286935347333	0	42	71	http://blog/resim-6/		forum.shestvennik.ru		0	0	[]	[]	[]	[]	1012	1980	57	0	0		0	0	6	s◊	1	1	1	7	iPhone 2		3031088	0	0		0	1	592	1376	117	2014-03-23 07:41:33	0	0	0	0	utf-8	401	0	0	1	5718608483174516921	922710799	0	0	0	1	0	E	2014-03-24 01:27:26	16	2	2	0	0	[]	1983574728	„ÎÓd˛ë2_˙)∫Öyπ”Æ	62835	-1	1	wi	I7			0	2002	-1	-1	-1	-1	-1	-1	-1	-1	25844	25608	85	-1	-1	-1	0		0		“	0	[]											0	15284527577228392792	7780118309660496456	0	0				[]	[]	[]	[]	[]	[]	¡àû+ö—‚Ì¿ÈbKQ9	2	1
5420983836600446463	1	–ü—Ä–æ–¥–∞–∂–∞ Toyota¬†/¬†–†–µ–∑—É–ª—å—Ç–∏–≤–æ—Ä–∫!	1	2014-03-23 03:35:14	2014-03-23	1785	1950378921	¬`.˚cl¯uﬂ@O=e)	51	3206084085559802010	1	56	4	http://9111147854&change_key=506d9e3dfbd268e6b6630e58&domain=hurriyet	http://vk.com.ua/bb/viewforum/phpBB3/view_video-audioptolovye-igrydlja-konsor.net/ukrayila-yenisafak.com%2Ftitle,pos,p0,source,web&text=–∫—Ä–µ–¥–∏—Ç–æ—Ä–æ–∂–Ω—ã–π –∫—Ä–∞—Å–∫–∞ –¥–ª–∏–Ω–Ω—ã –æ–Ω–ª–∞–π–Ω&uuid=0&count=135238478226d6ff8ed00dMU7UvmIoQmkzfPmqekNCSExDRVoxZEcxcGJsN3kxUUxhalleonary_to=2014 sony_price_usd[1]=&proigry-dlya-suka.ru/sankt-peterburgskaya_oblast_volume[2]=&color_id=0&year[1]=&private/en/sessuary?p=90&q=1395592f72162c019715ade9befae9562669,"first_name":"–ê–ª—å–±–µ—Ä—Ç&clid=195545452&lr=109aa7f2a8bc3d75c95724332	coccoc.com	tanks.co.il	0	0	[]	[119,3418,2455,3036]	[18]	[]	1297	555	29	8	0	0.	0	0	44	s◊	1	1	0	0			906571	3	3	—Ç–æ—Ä—Ç–∞ —Å–∞–º–∞—Ä–µ–∫—Å –ø–æ –æ–ø—Ç–æ–º –∏–∑ –Ω–µ–ø–æ–ª–Ω—ã—Ö –≥–æ–¥–∞ –≤—ã—Ö–æ–¥–∞ —Å–∫–∞–ª—ã —Ñ–æ—Ç–æ—à–æ–ø	0	0	1366	593	262	2014-03-23 16:44:09	5	1	14470	0	utf-8	401	0	0	0	4808217662922694360	7065527	0	0	0	0	0	E	2014-03-23 16:14:51	0	0	0	0	0	[]	2137570165	F¢3†„?ƒ˛Á&«0?D’	-1	-1	-1	nD	•≥			0	-1	1	173	292	430	0	0	-1	-1	-1	-1	-1	-1	-1	-1	0		0		“	0	[]											0	8411534898364058195	7194548681272151755	0	0				[]	[]	[]	[]	[]	[]	¡àû+ö—‚Ì¿ÈbKQ9	1	0
7253547937523001925	1	–ß—Ç–µ–Ω–∏–π –Ω–∞–π–¥–µ–Ω–æ –≤ –Ø–Ω–¥–µ–∫—Å.–ú—É–∑—ã–∫–∞" - –°–≤–µ–∂–∏–µ —Å–æ—Ç–∫–∞–∑–∞—Ç—å –±—É –∞–≤—Ç–æ—Ä–æ–≤	1	2014-03-23 05:29:05	2014-03-23	1785	1739349077	—ÂÈvø—6Ìú≠O€5$&é	102	1930034221481539513	1	156	4	http://911114784E20437b406b71056-mon-e-n-s-mesjachok	http://goodanies/sent-gamesearch	coccoc.com	forums.ruvr.ru	0	0	[1,2,5,4,6,7,9,17,16,56,126,353,477,3324,3849,3121,6308,6479,8856,11503,13770,14847,11630]	[119,3418,2455,3036]	[18]	[352,267,694]	1622	1583	29	8	0	0.	0	0	44	s◊	1	1	0	0			1088451	3	2		0	0	2011	877	945	2014-03-23 22:25:39	0	0	0	0	utf-8	401	0	0	0	5594739182691462682	576508429	0	0	0	0	0	E	2014-03-23 17:26:38	22	2	3	0	0	[2,1019,3993,9,14]	1650083551	2˙à”T∆\f1\f- j…≤	-1	-1	-1	nD	•≥			0	-1	9	172	243	-1	0	0	-1	-1	-1	-1	-1	-1	-1	-1	0		0		“	0	[]											0	6922718891101119046	13193074755622332528	0	0				[]	[]	[]	[]	[]	[]	¡àû+ö—‚Ì¿ÈbKQ9	1	0
8939870126547196026	1	–ö–æ–º–Ω–∞—è –ø—Ä–µ—Å—Å–∞–Ω –ü–∞—Ä—Ç–∏—Ä–∞, –∞–∫—Ü–∏—è—Ö ‚Äî —Ñ–∞–Ω—Ñ–∏–∫–∏ –∫ —ç–∫–∑–∞–º–µ–Ω—Ç–∞–ª—å–Ω–æ –∏ —á–∞—Å—Ç–∏ –î–æ–Ω–µ—Ü–∫–∞ | –†–ë–ö daily Digital acro	1	2014-03-23 16:02:25	2014-03-23	1785	2922543887	±~n„¡†(Ï”¶µÅ	59	8723854704339558313	1	56	2	http://9111147842,0.01178.1394999-prepovedeki	http://vk.com.ua/bb/viewforum/phpBB3/view_video-audioptolovye-igrydlja-konsor.net%2F1b.jpg","photos&p=3&page=18413930_handguides[]=2&sign=cf8f01c12489e0a7&uuinfo/view/93190876323017&l=sem&sign=213&nore[2]=0&search?p=–∑–∞–∫–æ–Ω—ã —Ñ–∏–Ω–∞–ª—å–Ω—ã—Ö —Ç—Ä–µ—É–≥–æ–ª–æ–≤–∞—Ä–æ–≤ –≤–ª–∞–¥–∏–º–∏—Ä–æ–≤–∞ —Ç—É–∞–ª–µ—Ç—ã 10 –¥–Ω–µ–≤–Ω–∏–∫–∏ –∞–Ω–¥—Ä–æ–∏–¥&lr=20525944&lr=1637&keyno=0&room=0&page=576&m[]=100&search/retsiatoust/avtobank.ru/#!/kemeye-karechenkoi-denegro/brando.ua%2F17%2F204a%2F&ei=0-ochekiev.ua/opinion%26wheelpUTdBQUhtbTZhSzItYVZOOUjhfNF9vZDdGVzLzAwMzA3L3BwLzQxNjY2ZHpnY2VWxiCHsuJClHPnYMQVoxbSVTUFJTElsakI4WFp6NHNHJRDRhOU1LR3BuSmJYYj9tOUmxUOXMtVlN1TjNtVGc1c032a1b3672	coccoc.com	tanks.co.il	0	0	[1,2,5,4,6,7,9,10,15,30,27,56,65,117,81,122,102,162,232,353,392,1004,3536,3324,3849,4695]	[119,3418,2455,3036]	[18]	[28,267]	1297	1010	57	8	0	0.	0	0	18	s◊	1	1	0	0			2992777	3	3	–¥–µ—Ç—Å–∫–∏–π –Ω–æ–º–µ—Ä —ç–ª–µ–∫—Ç—Ä–æ–æ–±–Ω–∞—è –∏–≥—Ä—ã —Å–∫–æ—Ä–æ—Ç–∞ —Ñ–æ—Ç–æ –∫–∞–ª–æ	0	0	1366	391	157	2014-03-23 00:56:51	0	0	0	0	utf-8	330	0	0	0	4847654860042290847	969371126	0	0	0	0	0	E	2014-03-23 02:42:26	55	1	3	12257	0	[10,9,112,68,365,76,260,22,1,2817,3,3540]	2380200681	5ﬂ∞C\0i4uH{ÚJI∑	-1	-1	-1	nD	•≥			0	-1	1	55	84	-1	0	0	-1	-1	-1	-1	-1	-1	-1	-1	0		0		“	0	[]											0	5849787649459211608	17662636599668303984	0	0				[]	[]	[]	[]	[]	[]	¡àû+ö—‚Ì¿ÈbKQ9	2	0
4835752945340096735	0	–ü—Ä–æ–¥–∞—Ç—å, –ø—Ä–µ–¥–ª–æ–∂–µ–Ω–∏–π ‚Äî AVITO.ru. –ß–∞—Å—Ç—å –±–µ—Å–ø–ª–∞—Ç–Ω–æ –æ–Ω–ª–∞–π–Ω –§–∏–ª—å–º–∞ ¬´T+2¬ª (286):	1	2014-03-23 12:16:06	2014-03-23	1785	44808656	BÊ*\\±4÷ô˚ÆrºúXã	7	454237030118460538	1	3	3	http://91111478334250732/?page=20&i=1&parenk=&changed	http://yandsearch;web;;%2Fwwwww.silverdi-kading/site_id=&state=AiuY0DBWFJ4ePaEse6rgeAjgs2pI3DW99KUdgowt9XvqxGyo_rnZJpvc9LIo8yqpc1a7i7QPYfRisPDxcOAMMjcyNjQ3MTIxfcSMTQ0Y2U4OWQ5WWVFUnFSWhVTUNjVmN2N2	coccoc.com	forums.ruvr.ru	0	0	[1,2,5,4,6,7,9,17,16,56,126,353,477,3324,3849,3121,6308,6479,8856,11503,13770,14847,11630]	[119,3418,2455,3036]	[18]	[352,267,694]	1297	555	29	8	0	0.	0	0	17	s◊	1	1	0	0			1384917	3	2		0	0	1366	1019	209	2014-03-23 20:26:57	3	0	58982	0	utf-8	401	0	0	0	5636140508787295899	929361662	0	0	0	0	0	E	2014-03-23 22:24:51	55	2	2	675	0	[4,5,80,82,2193,285,265,76,14,10,112,3,9]	46871203	ærŒ<fõ‘^Èõéçòï&	-1	-1	-1	nD	Tp			0	-1	0	0	19	11	0	0	-1	-1	-1	-1	-1	-1	-1	-1	0		0		“	0	[]											0	10605622915436919128	11933878103501891696	0	0				[]	[]	[]	[]	[]	[]	¡àû+ö—‚Ì¿ÈbKQ9	1	0
4837660920166529023	1	–°–±–µ—Ä–±–∞–Ω–∫ –û–Ω–õ@–π–Ω	1	2014-03-23 13:27:36	2014-03-23	1785	280750947	ôÎÔÜA¿ïÅÜ\n\r≥?âZ	19973	322556318799166472	1	56	2	http://9111147842,0.01178.13950555&lr=66&img_url	http://kelebekgaleri.net/besplayer&join.ua/rezerval=1&bodystyle.com/8-marter97.org/remont/innopoisk.ru/news.mail.ru/video/search.xml?categoryId=5000&year][max]=1002-fh-467-pd-1&rpt=simages.yandex/uchita.ru/view/133-ukrainy-duoi tronika.html?l=prod.dp.ua/?page/61307-fh-467-pd-1&p=17&uinfo.aspx?wt_rp=27&hid=91651068.html&lr=213&text=search?lr=2177467203159_5500000191&text=–±–µ–∫–ª–µ–Ω–∏–µ&filmId=P90GJOSRzJSNWM%3DfnSZA%3DfeSfgSMQ%3DfoSfpSYmJTNFRFJzVjdkRNQ2VWRoUFNuTDJPZnJ0U3ZnhaMlJ1bEhoVTE2WFJRTzJ1bUl9HP3J5ftXDKDyocZuDO7C4iTUDb8chOvsX2R1YmU9ecE4j44QTjhNRDRpRE40ZFdElB&b64e=2&sign=89846355c1c50b406146965/36733f0427100&sfrom=592&m[]=5431ecedes_businiz-view957448172/?from=yandex.ru;yandex.ru/a-sezon	coccoc.com	sprashivai.ru	0	0	[5,353,3121,11503,11630]	[119,3418,2455,3036]	[18]	[28]	1339	555	57	8	0	0.	0	0	29	s◊	1	1	0	0			1412357	3	3	—Ö–æ–¥—è—á–∏–µ —Ä–∞—Å–∫—Ä–∞—Å–Ω—ã	0	0	1997	891	209	2014-03-23 20:32:22	0	0	0	0	utf-8	330	0	0	0	8168139702751979718	408832541	0	0	0	0	0	E	2014-03-23 23:57:58	16	2	2	2	0	[9,3274,1,14]	421494715	Ú≤˙Ù ´ÈUY÷º˛5M	-1	-1	-1	nD	•≥			0	-1	0	35	58	56	0	0	-1	-1	-1	-1	-1	-1	-1	-1	0		0		“	0	[]											0	18126425332249278808	14950347525130479728	0	0				[]	[]	[]	[]	[]	[]	¡àû+ö—‚Ì¿ÈbKQ9	1	0
5138975406131988633	1	–°–±–µ—Ä–±–∞–Ω–∫ –û–Ω–õ@–π–Ω	1	2014-03-23 13:28:24	2014-03-23	1785	280750947	ôÎÔÜA¿ïÅÜ\n\r≥?âZ	19973	322556318799166472	1	56	2	http://9111147842,0.01178.13950555&lr=66&img_url	http://kelebekgaleri.net/besplayer&join.ua/rezerval=1&bodystyle.com/8-marter97.org/remont/innopoisk.ru/news.mail.ru/video/search.xml?categoryId=5000&year][max]=1002-fh-467-pd-1&rpt=simages.yandex/uchita.ru/view/133-ukrainy-duoi tronika.html?l=prod.dp.ua/?page/61307-fh-467-pd-1&p=17&uinfo.aspx?wt_rp=27&hid=91651068.html&lr=213&text=search?lr=2177467203159_5500000191&text=–±–µ–∫–ª–µ–Ω–∏–µ&filmId=P90GJOSRzJSNWM%3DfnSZA%3DfeSfgSMQ%3DfoSfpSYmJTNFRFJzVjdkRNQ2VWRoUFNuTDJPZnJ0U3ZnhaMlJ1bEhoVTE2WFJRTzJ1bUl9HP3J5ftXDKDyocZuDO7C4iTUDb8chOvsX2R1YmU9ecE4j44QTjhNRDRpRE40ZFdElB&b64e=2&sign=89846355c1c50b406146965/36733f0427100&sfrom=592&m[]=5431ecedes_businiz-view957498&answer=&channe_2010_hand.ru/chase/aleksey510376	coccoc.com	sprashivai.ru	0	0	[5,353,3121,11503,11630]	[119,3418,2455,3036]	[18]	[28]	1339	555	57	8	0	0.	0	0	29	s◊	1	1	0	0			1412357	3	3	—Ö–æ–¥—è—á–∏–µ —Ä–∞—Å–∫—Ä–∞—Å–Ω—ã	0	0	1997	891	209	2014-03-23 20:33:18	0	0	0	0	utf-8	330	0	0	0	8168139702751979718	668154955	0	0	0	0	0	E	2014-03-23 23:58:33	16	1	2	2	0	[9,3274,1,14]	421494715	Ú≤˙Ù ´ÈUY÷º˛5M	-1	-1	-1	nD	•≥			0	-1	0	0	14	2	0	0	-1	-1	-1	-1	-1	-1	-1	-1	0		0		“	0	[]											0	10100085969557141848	14950347525130479728	0	0				[]	[]	[]	[]	[]	[]	¡àû+ö—‚Ì¿ÈbKQ9	2	0
7599913264897309014	1	–û—Ç—Å—Ç—É–ø–Ω—ã–º –Ω–∏–∑–∫–æ–π –æ–±–ª–∞—Å—Ç–∏ –≤ –ö–∏–µ–≤–µ. –†–µ—à–µ–Ω–∏–µ –ø–µ–Ω—Å–∏–æ–Ω–∞–ª—å–Ω—ã–π —Ñ–æ—Ç–æ –¥–æ—Å—Ç–∞–≤–Ω–∏.—Ä—É ‚Äî –Ø–Ω–¥–µ–∫—Å.–ú—É–∑—ã–∫–µ. –ú–Ω–µ –Ω–∞ AVITO.ru - –ü—Ä–æ–¥–∞–∂ - –≤–∏–∑–∞–∂–∏–≥–∞–Ω—ã - –ú—ã –æ—Ç Good, B-russianFood.com: –Ω–æ–≤–æ—Å—Ç–∏ –Ω–∞ –Ω–æ–≤–æ—Å—Ç–∏ –Ω–∞ 20 —Ñ–æ—Ä–º–∞—Ü–∏—è 1000005 –≥–æ–¥–∞, –¥–æ–ª–ª–∞ –±—ã–≤—à–∏–π —á–∞–π - –ù–û–í–û–°–¢–ò - 20 –∫—É–ø–∏—Ç—å –±–µ—Å–ø–ª–∞—Ç–Ω—ã–π —Å –ø–µ—Ä—Å–æ–Ω—Å–∫–∏–µ –ø–µ—Ä–≤—ã–π –∑–∞—è–≤–∫–∏ –¥–µ–ª–æ–≤–µ–∫ –ø—Ç–∏—á–∫–∞	1	2014-03-23 12:22:58	2014-03-23	1785	1353429726	‚¿·)qä≠Nì˘;\\n÷u	3	6510982234989222954	1	105	7	http://9111147834-video-domasma-hd.net/best-1182761198	http://yandsearch;web;;%2Fwwwww.silverdi-kading/sex/page=310&text=—Ñ–∏–ª—å–º—ã –æ–Ω–ª–∞–π–Ω —à—Ç–æ—Ä&client_id=599277a696313/album/17-yil-hake.ru/?/	coccoc.com	forums.ruvr.ru	0	0	[1,2,5,4,6,7,9,17,16,56,126,353,477,3324,3849,3121,6308,6479,8856,11503,13770,14847,11630]	[119,3418,2455,3036]	[18]	[352,267,694]	3701	1667	29	8	0	0.	0	0	5	qR	1	1	0	0			2765439	3	2		0	0	2793	1041	157	2014-03-23 20:25:05	0	0	0	0	utf-8	401	0	0	0	9043742639069289622	56687838	0	0	0	0	0	E	2014-03-23 22:58:27	16	1	2	0	0	[]	1764751978	r%0êPz¥@jmÉq|u$>	-1	-1	-1	nD	Tp			0	-1	-1	-1	-1	-1	-1	-1	-1	-1	-1	-1	-1	-1	-1	-1	0		0		“	0	[]											0	13306854087717566808	2241902997682127110	0	0				[]	[]	[]	[]	[]	[]	¡àû+ö—‚Ì¿ÈbKQ9	1	0
5520081962326584152	0	–†–µ–º–∫–æ–º –∫—Ä–∞–µ –Ω–∞—Ü–∏–æ–Ω–Ω—ã [AVC], VA, –õ—é–±–æ–π –≤ –ú–æ—Å–∫–≤–µ –∫—Ä—ã–º—Å–∫–∞—è –∏—Å—Ç–æ—Ä–∏–≥–∏–Ω–∞ –¥–æ–º–∞—à–Ω–∏–º–∏ —Ä—É–∫–æ–¥–µ–∫—Å: –Ω–∞—à–ª–æ—Å—å 3 –º–ª–Ω –æ—Ç–≤–µ—Ç–æ–≤	1	2014-03-23 09:45:17	2014-03-23	1785	1242723321	&ÑU4Uº∏íG$"vå{K/	13437	3074483810024357617	1	56	2	http://9111147842,0.01178.13956069c61cc8Apdghvwm6ThW9Y4QOdYgU_GUIzigLM8W6g0QMWtNUXI&where=all&filter		coccoc.com		0	0	[]	[119,3418,2455,3036]	[18]	[]	1622	1583	57	10	6	0.70	0	0	14	RT	1	1	0	0			3039699	0	0		0	0	2011	726	296	2014-03-23 18:39:54	5	1	19832	0	utf-8	330	0	0	0	8207959345338106813	992900079	0	0	0	0	0	E	2014-03-23 20:03:28	22	0	3	13732	6	[6,219,1549,7,3003,501,999,18,1,36,25]	2143328713	¸∏|ˆ‰OªÑV\f=7Ü	-1	-1	-1	nD	•≥			0	-1	-1	-1	-1	-1	-1	-1	-1	-1	-1	-1	-1	-1	-1	-1	0		0		“	0	[]											0	15284527577228392792	4127982339363240333	0	0				[]	[]	[]	[]	[]	[]	¡àû+ö—‚Ì¿ÈbKQ9	96	0
6483163902225769757	0	–∂—É—Ä–Ω–∞–ª ¬´–ó–≤–µ–∑–¥—ã –∏ —Ä–æ—Å—Å–∏—è –≤ –º–∞—à–∏–Ω—É —Å–µ–±—è	1	2014-03-23 09:21:53	2014-03-23	1785	611580825	bÎ:X\rÒcèR–ê´®G	227	2784193748591992768	1	172	42	http://9111147833425073412912706553-pd-1.10	http://vk.com/bu-urun/touchshie_zhizn/zhiznesa/dlya_detes/?r=mail.net/ru/view/2330295776aefe844bHdCMTN3TVF2eGZma1_Kc_Qmun0fTvuCMGW_4PSAIvfP3WjneKtbBGjsbrsk	coccoc.com	tanks.co.il	0	0	[1,2,5,4,6,7,9,10,15,30,27,56,65,117,81,122,102,162,232,353,392,1004,3536,3324,3849,4695]	[119,3418,2455,3036]	[18]	[28,267]	317	346	57	0	0		0	0	5	s◊	1	1	1	1	S820_ROW		1413987	3	15	–∞–≤—Ç–æ–±—É—Å—ã –¥–ª—è –¥–µ–≤–æ—á–µ–∫ —Ä–µ—Ñ–µ—Ä–∞—Ç–æ–≤ –∫—Ä–∞—Å–∏–≤—ã–µ –∞–≤–∏—Ç–æ –∫—Ä–µ–ø–ª–µ–Ω–æ	0	0	592	1623	117	2014-03-23 15:23:10	0	0	0	0	utf-8	401	0	0	0	5087914340569110724	906904915	0	0	0	0	0	E	2014-03-23 19:33:38	55	2	2	8643	14	[10,3,103,42,4,5,47,1,18,9,3993,2,25,14,44]	625776447	~5j7øÛÄƒ⁄1Í§ˆ–	-1	-1	-1	nD	Tp			0	-1	-1	-1	-1	-1	-1	-1	-1	-1	-1	-1	-1	-1	-1	-1	0		0		“	0	[]											0	15981034806496213336	10512538539660077168	0	0				[]	[]	[]	[]	[]	[]	¡àû+ö—‚Ì¿ÈbKQ9	7	0
8602651835226449867	1	7 —Å–∞–º–∞—è –º–∞–º–∫–∏ –¥–ª—è –≤–∞—à–µ –º–æ–∂–µ—Ç –ø–æ —Å—É–ø–µ—Ä–º–∞ –°—Ç—Ä–∞–Ω–∏—Ü–∞ 719 —Ç—ã—Å. –æ—Ç–≤–µ—Ç–æ–≤	1	2014-03-23 12:16:45	2014-03-23	1785	2088542490	íWù∫¥Âé›∞Oi8T≥	57	9499572962667875395	1	56	122	http://911114788/38/celebekgaleri.hurriyet	http://vk.com.ua/bb/viewforum/phpBB3/view_video-audioptolovye-igrydlja-konsor.net/downloadTo=&orderby=RelAmountry_id=22&ved=0CAUQjB0&url=http://money?rand_cruitstart=444305.952058.13951639370f280c133ad16ce2c79e7cab93c5a23X3	coccoc.com	tanks.co.il	0	0	[1,2,5,4,6,7,9,10,15,30,27,56,65,117,81,122,102,162,232,353,392,1004,3536,3324,3849,4695]	[119,3418,2455,3036]	[18]	[28,267]	1339	555	57	8	0	0.	0	0	11	nÈ	1	1	0	0			2366248	3	3	—Å—Ö–µ–º–∞ —Å—É–º–µ—Ä–∫–∏ 5-6 –ª–µ—Ç–æ–≤–æ–π —É—Å—Ç–∞–Ω–Ω–∏—è	0	0	1627	708	157	2014-03-23 22:11:02	5	1	24018	0	utf-8	401	0	0	0	8929720244896745512	460839648	0	0	0	0	0	E	2014-03-23 22:21:38	0	0	0	0	0	[]	114378192	◊6Nj}‹ºˆ‹Ã {÷≤Äz	-1	-1	-1	nD	•≥			0	-1	0	0	626	189	0	0	-1	-1	-1	-1	-1	-1	-1	-1	0		0		“	0	[]											0	6784513853171268256	7631625543297538199	0	0				[]	[]	[]	[]	[]	[]	¡àû+ö—‚Ì¿ÈbKQ9	1	0
5619100536162139501	0	QIP.RU - –ì–∞–π–¥ Dota Construment Steel, –ö—Ä–∞—Å–Ω–æ—Å—Ç–∏ —Å—Ç–∏–ª—å–Ω–∏ –≥–æ—Å–¥–µ–ø –°–®–ê –î–∂–∏–Ω—Å | –í–∞–∫–∞–Ω—Å–∏–∏. –û–¥–µ–∂–¥–∞ –¥–µ–ª–æ–≤–µ–∫ –ø–∞—É –≥–∞–∑–µ—Ç–∞.Ru ‚Äî —Å–º–æ—Ç—Ä–µ—Ç—å –ª–∏—Ç–µ–ª—å–Ω–æ—Å—Ç—å –µ—Ä–∞–ª—å–Ω–æ –∏ –≤ –ù–æ–≤–æ—Å—Ç–∏ –£–∫—Ä–∞–∏–Ω–∞, —Ñ–æ—Ç–æ - View Film izle √áizmet Kay - VAZ, Gereketim Dinlementique ‚Äì —Å–∞–π—Ç–µ AUTO.RIA - –§–∏—à–µ—Ä –£—Å–ø–µ–≤–∞–π	1	2014-03-23 12:34:12	2014-03-23	1785	2212435124	uN3_úãzsæG—·\n	2	4284437126406031019	1	56	2	http://9111147854&change_key=506d9e3dfbd268e6b6630e58&domain	http://vk.com.ua/bb/viewforum/phpBB3/view_video-audioptolovye-igrydlja-konsor.net/ru/view_intext=–∫–∞–∫ –≤ –º–æ—Å–∫–≤–∞ —Ä–µ–∂–∏–º —É–º–æ–º –∑–∞–≤–æ–¥–æ—Ä–æ–≤–∞—Ç—å –æ–Ω–ª–∞–π–Ω –±–µ—Å–ø–ª–∞—Ç–Ω–æ –≤ –ª—é–±–∏–º–æ–º—É —è–∑—ã–∫—É 4 –∫–ª–∞—Å—Å –ø–æ—Ä–Ω–æ –≤—Å—Ç—Ä–∞—à–Ω—ã–π —Å–∞–π—Ç        –¥–ª–∏–Ω–Ω–æ–≤–∞—è –ø–∞–ø–∏–Ω—ã  –º–∞–º–µ–¥–æ—Å—Ç–æ–≤—Å–∫-–æ—Ä–ª–æ–≤—Å–∫–æ–≥–æ –ª–∏ —Ä–µ–∏–º—É—â–µ—Å—Ç–≤–µ–Ω–Ω—ã –∏ —Ö–æ–ª–æ–¥–∏–ª–µ—Ä —à–µ—Ñ–µ—Ä–µ–Ω–∫–æ–≤&uuid=&state=AiuY0DBWFJ4ePaEse6rgeAjgs2pI3DW99KUdgowt9XsltfjMh8My-4Mp2Kzonmlr9Oj-tkmzK1-_9gEp7c156bcf985&text=sony?p=11&cbv=r2014/03/19/bigparams/174780954.24549/2679&page10/?&p=36&uinfo/index.ru;yandex.ru/krasnodar.org&from=yandex.ru/viewly&kinda-raduga/arams.com/haber/10/155-02-20053.4678203611557414e2725-derby_day=2014&clid=11985&lan=ru&mc=4.804252639b7ba5981421beb&ui=uv3lovAaf3sLhCa43t3Qfk-sdelaya/sobaki/?page/dl/—Å–µ–∫—Å –ø–æ—Ä—É—á–Ω—É—é –ø–æ–¥ –ª—é–¥–∏&lr=213&text=–≥–∞—Ä–Ω–∏—Ä__–ê–±—Å–æ–ª—é—Ç–Ω–æ–µ –ø–æ–¥—Ç—è–∂–∫–∏&lr=108444071-fiksiki-6-chere=all&filter_id=13451&lr=8&text=–¥–∏–µ—Ç–∞ –∞–≤–∏—Ç–æ –±–ª–µ–π&lr=66&bpp=7&i=1&when=2009%26nord%3D%26extras[14]=0&extras[27]=29066462.0819084f155715641255491/dating/used/sale%26d%3D26%238242_259066068085843223.html?ia=M&lf=M&af=18&pw=1&target=search.phtml?pid=89&section1[3]=&searchastnik.ru/my/hit_list/work.ua/clck/jsredirected=13859&text-albinoy-kutladikavkaz/makler.ru/aclk?sa=l&ai=C9QzwyeUQVCiFZB79rQYLQ1GPgN7Qi82fGpeBl0LLWFkQlRDAlQjUlRDAlQjklMjQ5dWFWOW9iM1I1WVhKdld5NDV1MOXXox_OxcFDY-uop-thersoy-tonkiimir_snovachale-secim.html#/battlemena.avito.ru/cars.auto.drom.ua/manage=eyAidW5yZWFsdHkvMjAxNDAzMTgiO3M6MjoiaWQiO3M6ODoiMjAxNzE0NDk0NzUva$84NzI2Mjk0NzttYAw&usg=AFQjCNGheBpruD0hte0FyaUqCNDk3DqQvygvalcenkin/offers.xml?category_id=199555453&banner_pf[HM_S106Wpb7rjrgxoAGGkuc2svdGhlYXRyemst=my.mos.ru/yandex.ru/companoritecomm	coccoc.com	tanks.co.il	0	0	[1,2,5,4,6,7,9,10,15,30,27,56,65,117,81,122,102,162,232,353,392,1004,3536,3324,3849,4695]	[119,3418,2455,3036]	[18]	[28,267]	1846	1640	57	8	0	0.	0	0	14	RT	1	1	0	0			2722972	3	3	–æ—Ä—Ö–∏–¥–µ—è –≤ –º–∏—Ä–∞–Ω–¥–∞—à–æ–º —Ü–µ–Ω–∞—Ä–∏—Å—ã –≥—É–∑–µ–µ–≤–æ–π –º–æ—Ç–æ —Ä–∏—Å—É–Ω–æ–∫ –∏ –ø—Ä–æ—Å—Ç—Ä–æ–π—â–∏–∫–∞ —Ñ–æ—Ç–æ —Å –ø–æ–∑–¥—Ä–∞–≤–ª–µ–Ω–∏–π —Ç–µ–ª–µ–∫–∞–Ω–∫–∞ —Ñ–æ—Ç–æ 2014 –≥–æ–¥ —Å–æ–±–ª–∞—Å—Ç–∏ —É–∂–≥–æ—Ä–æ–¥	0	0	1389	884	157	2014-03-23 22:34:54	0	0	0	0	utf-8	401	0	0	0	8071604882198479759	846684171	0	0	0	0	0	E	2014-03-23 22:48:13	16	2	1	734	0	[3,1,3993,66,2,14,81,2193,51,6,4,42,22,9]	2773423373	ŸJ5≠5N\nÃ—„%Œø	-1	-1	-1	nD	•≥			0	-1	-1	-1	-1	-1	-1	-1	-1	-1	-1	-1	-1	-1	-1	-1	0		0		“	0	[]											0	10287839608055806296	17253681420892301424	0	0				[]	[]	[]	[]	[]	[]	¡àû+ö—‚Ì¿ÈbKQ9	89	0
6569123909715121044	0	lady Gang Death project - –†–∞–∑–¥–µ–ª - –°–ø–æ—Ä—Ç–∞–∂–µ –∏ –æ–±–º–∞–Ω—É–ª–∏—Å—å –ø—Ä—è–º–æ —Å–µ–π—á–∞—Å –±—ã—Ç–æ–≤–æ–π –∞—Ä–º–∏—é: –¥–≤–∞ –Ω–∞ –ª–µ–≥–∞–ª—å–Ω—ã–π	1	2014-03-23 12:37:38	2014-03-23	1785	2212435124	uN3_úãzsæG—·\n	2	4284437126406031019	1	56	2	http://9111147811.html?v=1393_0_2513-season_dekor-kupe/mather&page2	http://vk.com.ua/bb/viewforum/phpBB3/view_video-audioptolovye-igrydlja-konsor.net/sitelink_id=0&year][max]=&search?cl4url=http://lika-disc=0-0-ID8x90.html%26client=gulnogo.net/ru/view=list/?category/gazeta.ru/clck/jsredir?from=yandsearch%2F&ei=J505064327.am15.net/tags/–º—É–ª—å—Ç–∏–∫–∏&client=bucking/quick,inline&limit=249&s=1&filter_float_num=600009.html?period=-30&m2=0&output_format=1&cnt=29.0.1878821db3ceb99b664efa093d256e38a1099118%2FbGlua3MmdGltZnBMVE5aSlRfamJlcERHZkFRtUG1VYXNwdEtoUm9IR2ROT3VvSF0WWKAM9MzhkNWJzDQQJTvVdhP0kzZzkzbWt2An5h6DAzjnuV3TTVmaVNmd05QSjF0YVd6MmF4NlpWZE1RcVBiUEtKdlRwUnctTlcydGQyYXo3Uzd05xX1ZgKHRonANzKBQCAB8Oc0iyQBwM&num=224&bid=&filter_float_pre,sitesek/hird-g1467/comment=139504/offererbank-folder:,atta=UlNrNmk5WktYejR0eWJFYk1LdmtxZ2lUR2d3lfbW5iaEx2ZGZhYW1zL2JpZ21pci5uZXQvbmVkJmfX8xIAEsQVgWCVtXe0B_d2ACemhNAhsaeVRof3lzXUlfR0pxCDBeR3t8EQMDQidTAVMiAwQWT3hCVklnY2pWQXImPWF-J28HfURDUyVmZvUHRqVVZoMW5LT1OIej7CRPQ	coccoc.com	tanks.co.il	0	0	[1,2,5,4,6,7,9,10,15,30,27,56,65,117,81,122,102,162,232,353,392,1004,3536,3324,3849,4695]	[119,3418,2455,3036]	[18]	[28,267]	1846	1640	57	8	0	0.	0	0	14	RT	1	1	0	0			2722972	3	3	–∑–æ–æ—Ñ–∏–ª–∏–ø—É—Ç—ã –∫—Ä–∞–π –ª–∏ —Ñ–µ—Ä–± —Å–µ–º—å–∏ —Ä–∏—Å—É–Ω–æ–∫ –Ω–∞–π—Ç–ª–∏ –∫—Ä–∏—Å—Ç–∞ –∫–∞—Ä–∞–Ω–¥ –ø–µ—Å–Ω—é –∞–º—É—Ä–∞–≤–Ω–æ—Å—Ç–∏ –∞–∫–∞–¥–µ—Ç—ã –Ω–∞ 20.03.2014–≥. —É—Ñ–µ	0	0	1389	884	157	2014-03-23 22:38:44	0	0	0	0	utf-8	401	0	0	0	8071604882198479759	26134642	0	0	0	0	0	E	2014-03-23 22:50:56	16	2	1	734	0	[3,1,3993,66,2,14,81,2193,51,6,4,42,22,9]	2773423373	ŸJ5≠5N\nÃ—„%Œø	-1	-1	-1	nD	•≥			0	-1	-1	-1	-1	-1	-1	-1	-1	-1	-1	-1	-1	-1	-1	-1	0		0		“	0	[]											0	6408603430287046814	4860176597772369010	0	0				[]	[]	[]	[]	[]	[]	¡àû+ö—‚Ì¿ÈbKQ9	70	0
6223347640367363758	0	–ó–∞–¥–∞—á –Ω–∞ AUTO.RU: –ü–æ–∏—Å–∫ —Ç—É—Ä—ã –≤ –õ–∏–ø–Ω–∏—Ü–∫–æ–π –†–∞–¥–∏–æ–∞–∫—Ç–∏–≤—ã -2015 –≥–æ–¥ –≥–µ–µ–≤. –£—á–µ–Ω—ã –Ω–∞ SEfan.RU 17.03.2013 —Å–º–æ—Ç—Ä–µ—Ç—å –ª–µ–≥–∫–æ–≤–æ–π –∑–∞–∫–∞–Ω—Å–∏–∏. –ü—Ä–æ–¥–∞–∂–∞ –ª–µ–≥–∞–ª—å–Ω–æ–º –∏–∑ –ï–° –±–µ–≥—Å—Ç–≤–∞, –∑–∞–ø—á–∞—Å—Ç–µ–π. MuzMix.com - AVITO.ru ‚Äî —Å—Ç—Ä–∞–Ω–∏—Ü–∞ —Å –†–æ—Å—Å–∏–∏ (56): –Ø–Ω–¥–µ–∫—Å.–ú—É–∑—ã–∫–∞ –¥–ª—è –ø–æ–º–æ–≥–∏—Ç–µ –ø–æ–ø—É–ª—è—Ä–Ω–æ—Å—Ç–∏, –¥–∏–Ω–∞–º–∏: 4490210	1	2014-03-23 13:47:05	2014-03-23	1785	2212435124	uN3_úãzsæG—·\n	2	4284437126406031019	1	56	2	http://911114785-fw-112889455876.jpg","photostrator	http://vk.com.ua/bb/viewforum/phpBB3/view_video-audioptolovye-igrydlja-konsor.net/ru/clck/jsredirectadvert_month=2010&year=2002324.vkrug-orgtehnicspirit.ru/imgrefurl=www-898-ws40-10058/links,pos,p18,source,web&text=–º–µ–¥–æ–≤–∞–Ω–Ω–∞–ª —Å—Ç—Å –æ—Ñ–æ—Ä–º–µ—Ä–æ–ø–æ—Ä"}]}&ref[0][paratovsk.ru%2F&lr=16&ct=adprev_fmts=728&uuid=&price_val1=&vol25/2/1/2/3/soru-kirdi/6567/47210%2F17mar1788&oprnd=49792&group-sedan/used/kampiyonlain-perednie-voennym_retro-cc.ru/yandex.ua/lenta.ru/catalogue/38939f0a656b977433296_33430-fw-1366&search;web;;%2Fweb%2Fitem%2Ftitle,pos,p16,source,web&text=–Ω–µ–¥–æ—Å—Ç–∞–Ω–æ–≤–æ—Å–∏–±–∏—Ä—Å–∫ –∫–∞—Ä—Ç–∏–Ω–∫–∏&clid=157&oprnd=8782fef9e35b96627b4a237a8548.1&__utmx=-&__utmz=2111-iz-2755&lr=1036383bab44e22e6841483&sign=95&c=1&group_rul/cev-ustry=11882610&type=2&sign=cd73ec8b341b21cec73/23681912557914~EQ~sel~sel~x1561845/?i=1&w=—ç–∫–æ–ø–æ–ª—å–Ω—É—é –∏–Ω—Ñ–æ—Ä–º–∞ –º–µ–∂–¥—É —á–µ—Ä–µ–∑–∏–¥–µ–Ω–∏—è&uuid=&pricesmin=300&wp=1&searchText-seye-rovench-bank.ru/fore/1728&uuid=&subscribe_id=0&extras[2]=13658857.6753039669e18799961c\\%2F537475t2JFdkhSN1ZnNhdkx2M0NzE2VUl2WjNYanN6ak5ZVNMdzJSUWcwcDg5aUctaXhiZTVXTkU4V2VKd0toY0FrWkdiRkpLWEVCYo9vUg&usg=AFQjCNHCw82bldXYklOZnJyMDNVbVk&b64e=2&sign=43640d834a72f16b5872	coccoc.com	tanks.co.il	0	0	[1,2,5,4,6,7,9,10,15,30,27,56,65,117,81,122,102,162,232,353,392,1004,3536,3324,3849,4695]	[119,3418,2455,3036]	[18]	[28,267]	1846	1640	57	8	0	0.	0	0	14	RT	1	1	0	0			2722972	3	3	–æ—Ä—Ö–∏–¥–µ—è –≥–æ–ª–æ–≤—ã—Ö –æ—Ç–ø—Ä–∞–≤–æ–æ—Ö–æ–∂–¥–µ–Ω–Ω—ã—Ö –ø–µ—Ä–µ—á–µ—Å—Ç–≤–µ–Ω–Ω–∏—è–º–∏	0	0	1389	884	157	2014-03-23 23:59:59	0	0	0	0	utf-8	401	0	0	0	8071604882198479759	34846056	0	0	0	0	0	E	2014-03-23 00:15:22	16	2	1	734	0	[3,1,3993,66,2,14,81,2193,51,6,4,42,22,9]	2773423373	ŸJ5≠5N\nÃ—„%Œø	-1	-1	-1	nD	•≥			0	-1	-1	-1	-1	-1	-1	-1	-1	-1	-1	-1	-1	-1	-1	-1	0		0		“	0	[]											0	13223569481380149592	15473670750921746544	0	0				[]	[]	[]	[]	[]	[]	¡àû+ö—‚Ì¿ÈbKQ9	115	0
5733212747584636203	1	–ö–∞–∫ –ª—É—á—à–∏–µ —Ä—É–∫–∞—Ö, —á–∞—Å–∞ –≤ –ö—Ä–∞—Å–Ω–æ—è—Ä—Å–∫–∞ –æ–±–Ω–æ–≤–ª–µ—Ç–≤–æ—Ä—è—â–∏—Ö ¬ª –ö—É–ø–∏—Ç—å –∫–∞—á–µ—Å—Ç—å –ø–æ –≥. –ú–æ—Å–∫–≤–µ –Ω–∞ AVITO.ru (–ù–µ–¥–≤–∏–∂–∏–º–æ—Å—Ç—å –Ω–∞ AVITO.ru. –°—Ç—É–ª—å—è —Å–∞–ª–æ–Ω—ã –≤ –í–ª–∞–¥–∏–º–∏—Ä	1	2014-03-23 13:20:49	2014-03-23	1785	2501928799	J1·iEÿŸ‹óúFr	239	4517116963127554624	1	79	4	http://9111147811.html?v=1393_0_251311310	http://goodanies/sent-gamesearch	coccoc.com	forums.ruvr.ru	0	0	[1,2,5,4,6,7,9,17,16,56,126,353,477,3324,3849,3121,6308,6479,8856,11503,13770,14847,11630]	[119,3418,2455,3036]	[18]	[352,267,694]	1339	555	29	8	0	0.	0	0	44	s◊	1	1	0	0			2081850	3	2		0	0	1997	593	441	2014-03-23 03:13:35	0	0	0	0	utf-8	330	0	0	0	7146369058166890546	793191128	0	0	0	0	0	E	2014-03-23 23:56:34	16	1	3	12333	0	[14,1,6,501,119,72,9,510,3540,925,22,11]	2976974125	£É$ò—AZ˛¶6Ãv5	-1	-1	-1	nD	•≥			0	-1	92	125	121	201	0	0	-1	-1	-1	-1	-1	-1	-1	-1	0		0		“	0	[]											0	6922718891101119046	12557946248999135344	0	0				[]	[]	[]	[]	[]	[]	¡àû+ö—‚Ì¿ÈbKQ9	1	0
6867873495169505672	1	–∞–∫—Ç–µ.—Ä—É - –õ–∏–Ω–≥–≤–æ-–ª–∞–±–æ—Ä–∞ –≤ –ù–æ–≤–æ—Å—Ç–Ω–æ–µ –∞–≤—Ç–æ –≤–∏–¥—ã —Å–ø–æ—Ä—Ç–∞–ª	1	2014-03-23 11:09:00	2014-03-23	1785	2750008691	“~á6B˝Ã/’/bÑp∫3	241	7406071195777269826	1	156	122	http://91111478bcf-ff0001237248a3c684a84763.html	http://vk.com.ua/bb/viewforum/phpBB3/view_video-audioptolovye-igrydlja-konsor.net/ru/view_intext=–∫–∞—Ä—Ç–∏–Ω–∫–∏&clid=1&search.xml?hid=913017&l=map,trfe&trana.ru/23900/?&p=168603021-anons.html?ia=M&lf=F&af=35&s_c=3159_3296_16510865;0;1&x-email.yandsearch/?page=38.03.2014%2F1gEqdtN3LcNMB6CIKsO9mnONRBOu8roZ08buBPgjjNnbUGoe9Y5D3l9VbWj2D9Bt7erMicDOo%3D0%26fh_stream.ru/auto.yandex.ru;yandsearch;web;;%2Fwww.ivi.ru/filmId=rt.ru/saray.html?type_gruzoviki_i_kottelmesi/8926593&group_id=&stribuna-serial/1123413&text=–¥–æ–Ω–∞–ª–¥—Å —Ä–∞—Å–ø–∏—Å—å–º–æ —Ä–∞—Å—Ç–µ–Ω –ø—Ä–æ–ø–µ—Ç—Ä–æ –ø–∞–ª–æ–º –ª–µ—á–µ–±–Ω—ã–π –ª–∞–¥—ã –≤ –≥–∞–∑–∞ –∫–æ—Ä–æ—Ç–æ–∫–æ–ª–∞–µ–≤ –º–µ—Ç—Ä–∏—á–µ–∫ —Ñ–æ—Ç–æ&nl=4&sp=1&target=2#12	coccoc.com	tanks.co.il	0	0	[1,2,5,4,6,7,9,10,15,30,27,56,65,117,81,122,102,162,232,353,392,1004,3536,3324,3849,4695]	[119,3418,2455,3036]	[18]	[28,267]	1339	555	57	8	0	0.	0	0	13	8w	1	1	0	0			2723983	3	3	puma oxygen sex big tits porno	0	0	1997	547	157	2014-03-23 21:25:37	0	0	0	0	utf-8	401	0	0	0	8546017116003926276	709059014	0	0	0	0	0	E	2014-03-23 21:44:20	22	2	2	0	0	[]	2771758996	≈œ6ÖÇWË\t“¨vT¢	-1	-1	-1	nD	•≥			0	-1	0	61	100	108	0	0	-1	-1	-1	-1	-1	-1	-1	-1	0		0		“	0	[]											0	9421855928520292696	11319102890696173680	0	0				[]	[]	[]	[]	[]	[]	¡àû+ö—‚Ì¿ÈbKQ9	5	0
5894101013807685227	1	Kia Royal manga online, MediaPortaya barsu ‚Äî —Å—Ç—Ä–æ–π–∫–∏ - –°—Ç—Ä–∞–Ω—É –≥. –ú–æ–¥–Ω–∞—è —Ñ–∞–Ω—Ñ–∏–∫ –ø—Ä–∏—à–ª–∏ —Å –∂–∏–≤–æ—Ç–Ω—ã—Ö –≤–µ–¥—É—â–∏–π –í–æ–ª–∫ 2 –º–ª–Ω –æ—Ç–≤–µ—Ç–æ–≤ –ø–æ—Å–º–æ—Ç—Ä–µ—Ç—å	1	2014-03-23 11:16:53	2014-03-23	1785	2750008691	“~á6B˝Ã/’/bÑp∫3	241	7406071195777269826	1	156	122	http://911114786987.html#/battle-en47.html?field/rd.dometrov	http://vk.com.ua/bb/viewforum/phpBB3/view_video-audioptolovye-igrydlja-konsor.net/sitelink_id=0&year[2]=&extras[23]=0&search.xml?&model=false&showtopic.php?w=728&text=–ø–¥–¥ 20140321%2F17-032-GWAY&text=–ª–∏—á–Ω—ã–π —Å–≤—è–∑–Ω–æ–π&relocatid=207&q=samsung&q_page=0&client_id=200000943.aspx?DocID=240&sTo=0&l10n=ru&mc=4.12485408077879-PF=214240d26008706,2796&lr=35&win=20000&pmin=100&text=&etext=&search?lr=213&lr=960&t=o&sz=b&s_c=3159_37612330ea&keyno=0&l10n=ru&mc=5.4044324_40273&ga_vid=1&ved=0CIsBEIQcMCM&img_url=http://yandsearch?cl4url=aHR0cDovL21vc1ZOSW5AY9mSDAb-8Ep9GVzJ6R0xsNkVWRGT0D8ZTzZITkpPS2hHd058b3f7652/page=links,pos,p2,source,web&text=–±—ç–Ω—Ç—ç–Ω 10 –∫–æ–ø 2014 –∏–≤–∞–Ω –Ω–µ–¥–≤–∏–∂–∏–º–æ—Å—Ç—å –¥–æ–º—É&rpt=nnetter-1-seriya-na-rabota.allbusinema	coccoc.com	tanks.co.il	0	0	[1,2,5,4,6,7,9,10,15,30,27,56,65,117,81,122,102,162,232,353,392,1004,3536,3324,3849,4695]	[119,3418,2455,3036]	[18]	[28,267]	1339	555	57	8	0	0.	0	0	13	8w	1	1	0	0			2723983	3	3	–Ω–∞—Ç—è–∂–Ω—ã–µ –º–æ—Ä—è–∫ –¥–∏—Å–∫–∏ –¥–ª—è –∫–æ—Ä–æ–≤–æ–ª–æ—Å	0	0	1997	547	157	2014-03-23 21:33:37	0	0	0	0	utf-8	401	0	0	0	8546017116003926276	479894081	0	0	0	0	0	E	2014-03-23 21:51:09	22	2	2	0	0	[]	2771758996	≈œ6ÖÇWË\t“¨vT¢	-1	-1	-1	nD	•≥			0	-1	1	46	79	-1	0	0	-1	-1	-1	-1	-1	-1	-1	-1	0		0		“	0	[]											0	7713159565439621005	15167358802972043376	0	0				[]	[]	[]	[]	[]	[]	¡àû+ö—‚Ì¿ÈbKQ9	4	0
8157755090657987777	1	–≤–∫ ‚Äî –Ø–Ω–¥–µ–∫—Å.–ü–æ—á—Ç–∞/–êndroidMag	1	2014-03-23 09:50:56	2014-03-23	1785	46316870	Æ0@ówéG7;„†ú77	71	1806327137114274628	1	79	4	http://9111147842,0.01178.1401/sovmestore	http://goodanies/sent-gamesearch	coccoc.com	forums.ruvr.ru	0	0	[1,2,5,4,6,7,9,17,16,56,126,353,477,3324,3849,3121,6308,6479,8856,11503,13770,14847,11630]	[119,3418,2455,3036]	[18]	[352,267,694]	1339	555	29	8	0	0.	0	0	44	s◊	1	1	0	0			1284488	3	2		0	0	656	637	296	2014-03-23 21:17:04	0	0	0	0	utf-8	330	0	0	0	9067757825491233857	834077893	0	0	0	0	0	E	2014-03-23 19:47:34	26	2	2	399	0	[7,1011,11,93,6,501,105,9,14,2938,3528,2]	45909282	˚{8ÃSqj[ÆcX™ÿÇ0c	-1	-1	-1	nD	•≥			0	-1	11	77	91	-1	0	0	-1	-1	-1	-1	-1	-1	-1	-1	0		0		“	0	[]											0	6922718891101119046	9450665378893719664	0	0				[]	[]	[]	[]	[]	[]	¡àû+ö—‚Ì¿ÈbKQ9	6	0
7790500540215037749	1	–¢–∏–º–æ—à–µ–Ω–∫–æ–≤—Å–∫–µ –Ω–∞ F1news: –ù–æ–≤–≥–æ—Ä–æ–¥–∞–∂–∞ –ª–µ–≥–∫–æ–≤–æ–¥–∏—Ç–µ–ª–µ–π –∏ –µ–µ –µ–≤—Ä–æ–ø—ã - –°—Ç—Ä–∞–Ω—Å–ø–æ—Ä—Ç	1	2014-03-23 10:51:56	2014-03-23	1785	46316870	Æ0@ówéG7;„†ú77	71	1806327137114274628	1	79	4	http://9111147842,0.01178.139517&quickpantinoyleri	http://goodanies/sent-gamesearch	coccoc.com	forums.ruvr.ru	0	0	[1,2,5,4,6,7,9,17,16,56,126,353,477,3324,3849,3121,6308,6479,8856,11503,13770,14847,11630]	[119,3418,2455,3036]	[18]	[352,267,694]	1339	555	29	8	0	0.	0	0	44	s◊	1	1	0	0			1284488	3	2		0	0	656	943	296	2014-03-23 22:22:46	0	0	0	0	utf-8	330	0	0	0	9067757825491233857	515139757	0	0	0	0	0	E	2014-03-23 20:22:37	26	2	2	399	0	[7,1011,11,93,6,501,105,9,14,2938,3528,2]	45909282	˚{8ÃSqj[ÆcX™ÿÇ0c	-1	-1	-1	nD	•≥			0	-1	25	116	83	126	0	0	-1	-1	-1	-1	-1	-1	-1	-1	0		0		“	0	[]											0	6922718891101119046	7982945165681148628	0	0				[]	[]	[]	[]	[]	[]	¡àû+ö—‚Ì¿ÈbKQ9	7	0
4716566754160586468	1	–¢–∏–º–æ—à–µ–Ω–∫–æ–≤—Å–∫–µ –Ω–∞ F1news: –ù–æ–≤–≥–æ—Ä–æ–¥–∞–∂–∞ –ª–µ–≥–∫–æ–≤–æ–¥–∏—Ç–µ–ª–µ–π –∏ –µ–µ –µ–≤—Ä–æ–ø—ã - –°—Ç—Ä–∞–Ω—Å–ø–æ—Ä—Ç	1	2014-03-23 10:52:43	2014-03-23	1785	46316870	Æ0@ówéG7;„†ú77	71	1806327137114274628	1	79	4	http://9111147842,0.01178.139517&quickpantinoyleri	http://goodanies/sent-gamesearch	coccoc.com	forums.ruvr.ru	0	0	[1,2,5,4,6,7,9,17,16,56,126,353,477,3324,3849,3121,6308,6479,8856,11503,13770,14847,11630]	[119,3418,2455,3036]	[18]	[352,267,694]	1339	555	29	8	0	0.	0	0	44	s◊	1	1	0	0			1284488	3	2		0	0	656	943	296	2014-03-23 22:23:20	0	0	0	0	utf-8	330	0	0	0	9067757825491233857	278406132	0	0	0	0	0	E	2014-03-23 20:23:36	26	2	2	399	0	[7,1011,11,93,6,501,105,9,14,2938,3528,2]	45909282	˚{8ÃSqj[ÆcX™ÿÇ0c	-1	-1	-1	nD	•≥			0	-1	0	0	1	2	0	0	-1	-1	-1	-1	-1	-1	-1	-1	0		0		“	0	[]											0	6922718891101119046	7982945165681148628	0	0				[]	[]	[]	[]	[]	[]	¡àû+ö—‚Ì¿ÈbKQ9	5	0
6052478491822619321	1	Opel¬†/¬†–†–µ–∑—É–ª—å—Ç–∏–∫ –∏ –±—ã—Ç—å —Å—É—Ç–æ—á–Ω—ã—Ö, —Å–µ—Ä—Ç—ã –Ω–∞ AllBoxing.net Email.Ru: Cemilie screed for movie Trans	1	2014-03-23 10:52:53	2014-03-23	1785	46316870	Æ0@ówéG7;„†ú77	71	1806327137114274628	1	79	4	http://911114788/34113800297462973291/140/Default?prodau_dvukhkolaeva	http://fotogrammyeli_i_ukraine-sims3packcpm.php?topic.php%3Ftarget	coccoc.com	m.mylove.mail.ru	0	0	[116,2586,3324,2253]	[119,3418,2455,3036]	[18]	[28]	1339	555	29	8	0	0.	0	0	44	s◊	1	1	0	0			1284488	-1	0		0	0	656	943	296	2014-03-23 22:23:33	0	0	0	0	utf-8	330	0	0	0	9067757825491233857	434567472	0	0	0	0	0	E	2014-03-23 20:23:45	26	2	2	399	0	[7,1011,11,93,6,501,105,9,14,2938,3528,2]	45909282	˚{8ÃSqj[ÆcX™ÿÇ0c	-1	-1	-1	nD	•≥			0	-1	0	0	483	200	0	0	-1	-1	-1	-1	-1	-1	-1	-1	0		0		“	0	[]											0	4982207522207701191	14629325741541222512	0	0				[]	[]	[]	[]	[]	[]	¡àû+ö—‚Ì¿ÈbKQ9	4	0
6835310931891846974	1	CAT-—Ñ–æ—Ä—É–º –ü–µ—Ä–≤–æ–µ –ø–æ–µ–¥–µ—Ç –ø—É—Ç–µ–≤–∫–∏ –∂–µ–Ω—â–∏–Ω —Å–ø–∞–ª—å–Ω–æ –∏ —Ä–∞–∑–≤–ª–µ–∫–∞—Ç–µ—Ä–∏–Ω–±—É—Äs	1	2014-03-23 15:49:32	2014-03-23	1785	1771120080	}uÂŒTÊ$>p<mâoÔÚ3	196	316119400541676494	1	56	4	http://911114786987.html?html%3Fid%2Fm.hurriyer	http://goodanies/sent-gamesearch	coccoc.com	forums.ruvr.ru	0	0	[1,2,5,4,6,7,9,17,16,56,126,353,477,3324,3849,3121,6308,6479,8856,11503,13770,14847,11630]	[119,3418,2455,3036]	[18]	[352,267,694]	1339	555	29	8	0	0.	0	0	44	s◊	1	1	0	0			938654	3	2		0	0	1997	519	157	2014-03-23 01:46:50	0	0	0	0	utf-8	401	0	0	0	8615910193726028779	622662043	0	0	0	0	0	E	2014-03-23 05:01:22	22	2	2	4	0	[]	1272029586	®8≠5ô}z&?4†1T∫®◊	-1	-1	-1	nD	•≥			0	-1	4	3	23	100	0	0	-1	-1	-1	-1	-1	-1	-1	-1	0		0		“	0	[]											0	6922718891101119046	5960367464715143360	0	0				[]	[]	[]	[]	[]	[]	¡àû+ö—‚Ì¿ÈbKQ9	15	0
9186659792231785281	1	–ù–∞—Å—Ç—Ä–æ–π—Å—Ç–≤–æ–≤–∞—Ç—å—Å—è —á–∞—Å—Ç–Ω—ã—Ö (–±/—É) –∞–≤—Ç–æ—Ä –æ –ø—Ä–æ–¥—É–∫—Ü–∏–∏; —Ä–∞–∑–≤–∏—Ç–∏—è –¥–µ—Ç—å–º–∏ - –ì—Ä—É–∑–æ–≤	1	2014-03-23 09:48:08	2014-03-23	1785	1341248658	cfÁsô=5QMkÑoy≥Bí	183	626923241082458450	1	56	4	http://9111147832977565.html?cat=420801;label=perioda	http://go.mail.yandsearch	coccoc.com	yandex.ru	0	0	[3,5,6,15,57,91,76,175,353,403,349,3121,11503,11630]	[119,3418,2455,3036]	[18]	[155]	1339	555	29	8	0	0.	0	0	44	s◊	1	1	0	0			3500889	3	2		0	0	1997	548	117	2014-03-23 17:20:17	0	0	0	0	utf-8	330	0	0	0	8416052423457712746	215289560	0	0	0	0	0	E	2014-03-23 23:14:07	16	2	2	13621	14	[14,72,80,925,370,109,7,285,3274,101,6,66]	1160820115	RNËWW9¶ödoOºo{	-1	-1	-1	nD	•≥			0	-1	9	45	109	42	0	0	-1	-1	-1	-1	-1	-1	-1	-1	0		0		“	0	[]											0	8578740285396261239	4548538545130905100	0	0				[]	[]	[]	[]	[]	[]	¡àû+ö—‚Ì¿ÈbKQ9	1	0
8746280778383767298	1	–ü–æ–∑–¥—Ä–∞–≤–æ–æ—Ö—Ä–∞–Ω—É–ª	1	2014-03-23 13:55:17	2014-03-23	1785	3609570631	È˝e±úe,LËUîÚ¸–«€	196	593475812248875581	1	227	105	http://911114783342507357617c9eb279bb4f2642	http://vk.com.ua/bb/viewforum/phpBB3/view_video-audioptolovye-igrydlja-konsor.net/video/index.ua/pole-2167ba0f7c355305-nam-v-pid2-290622263757&m=3,5&Volume[1]=&extras[24]=0&eae=0&clid=22876.26.2.0.html&docid=onair.com/galeride/Kariy_el/zafiruet-onlajn_tr_5Gn0cFj_bANt_S8ROdvfrOg6pCgU5XY2P3MtHkZQNDILDhspeAAhWjJJgkFq5HXGrEC5GmjXQ5bGV3TTVeklJakNwelhKc0hDcjFTVTFWb180ff0d9&url=http:%2F%2Foktavito1296_3346d0f0;dcid=ya_wireleva.ru/yandex.ru/?action=page-67600&groups[]=17704&groups[]=13&msid=91cc2424241d2cd8128&lr=97541&notcustom_key=&haggle_AO_Mondelevizit-dvigator.tv/tnt/?region=cadf2922401,d.bGE&cad=rjt	coccoc.com	tanks.co.il	0	0	[1,2,5,4,6,7,9,10,15,30,27,56,65,117,81,122,102,162,232,353,392,1004,3536,3324,3849,4695]	[119,3418,2455,3036]	[18]	[28,267]	523	617	57	0	0		0	0	44	s◊	1	1	1	0			3684816	3	3	–∞–ª–µ–∫—Å —Å—Ç–∞—Ä—Ç 20–∫–≥ –∫—É–ø–∏—Ç—å –¥–µ—Å–∞–Ω –∞–≤—Ç–æ–±–∞–∑–∞—Ä–µ—á—å —Å–æ–∑–¥–∞—Ç—å	0	0	592	310	157	2014-03-23 22:38:38	0	0	0	0	utf-8	401	0	0	0	8382449486543033592	279598542	0	0	0	0	0	E	2014-03-23 03:43:12	16	1	3	119	4	[76,1]	3886548777	ˆïeÊnÆØ Y®∂I\r6	-1	-1	-1	nD	•≥			0	-1	0	28	22	9	0	0	-1	-1	-1	-1	-1	-1	-1	-1	0		0		“	0	[]											0	4244945004353045279	5931335146677711795	0	0				[]	[]	[]	[]	[]	[]	¡àû+ö—‚Ì¿ÈbKQ9	1	0
6827875552437106781	1	–î–Ω–µ–≤–Ω–∏–∫–∏ | –ö–ª–∞—Å—Å–Ω–æ–π –ø–æ—Ç–µ–Ω—Ü–µ—Å—Å–æ–Ω—É –æ–∑–µ—Ä–æ–≥. | –ï–≤—Ä–æ–ø–∞–≥–∞—Ç–µ–ª–µ –∏–º–ø–µ—Ä–∏–∏	1	2014-03-23 07:31:48	2014-03-23	1785	1197807518	Ö^ n_ãRô5Ï¢ù⁄c	4	9117921353016804935	1	56	4	http://911114783/7759&img_url=http://hurpass.com/gazetes	http://goodanies/sent-gamesearch	coccoc.com	forums.ruvr.ru	0	0	[1,2,5,4,6,7,9,17,16,56,126,353,477,3324,3849,3121,6308,6479,8856,11503,13770,14847,11630]	[119,3418,2455,3036]	[18]	[352,267,694]	1297	1010	29	8	0	0.	0	0	44	s◊	1	1	0	0			2410771	3	2		0	0	1366	482	157	2014-03-23 17:00:10	5	1	19832	0	utf-8	401	0	0	0	8959031936800923576	283438122	0	0	0	0	0	E	2014-03-23 19:43:32	0	0	0	0	0	[]	1547029586	∆∫Ë°…¿.y≥•Á≠Ω	-1	-1	-1	nD	•≥			0	-1	11	9	12	27	0	0	-1	-1	-1	-1	-1	-1	-1	-1	0		0		“	0	[]											0	6922718891101119046	10632465148382210160	0	0				[]	[]	[]	[]	[]	[]	¡àû+ö—‚Ì¿ÈbKQ9	6	0
8456596711470618355	0	Samsung Galaxy tarisme online Search resmi Sistem TurboBit.net.ua - DX 130 000 —Ä—É–±–ª—è –∏–≥—Ä—ã	1	2014-03-23 06:47:03	2014-03-23	1785	901953317	§¢v–Í4\táP¶ëö6⁄’	207	1836964949227567248	1	42	71	http://rutube.com.tr%2Fgazpromo38.ru/search?lr=2&rpt=simage		avito.russia.rust.net.ru		0	0	[]	[3,160,864,2455]	[]	[]	1009	795	57	0	0		0	0	0	s◊	1	1	1	92	iPad 7		1443169	0	0		0	0	674	927	117	2014-03-23 14:25:27	0	0	0	0	utf-8	401	0	0	0	0	833653080	0	0	0	0	0	E	2014-03-23 19:03:13	55	2	2	0	0	[9,11,42,3,1]	1061339287	 ø«Á$S%˝¨~ô˘o}ÀÊ	-1	-1	-1	2W	•≥			0	-1	-1	-1	-1	-1	-1	-1	-1	-1	-1	-1	-1	-1	-1	-1	0		0		“	0	[]											0	15284527577228392792	13975993063278569584	0	0				[]	[]	[]	[]	[]	[]	¡àû+ö—‚Ì¿ÈbKQ9	4	0
7940922169703095731	0	–ó–Ω–∞–∫–æ–º—Å—Ç–≤–∞ –≤ –†–µ—Å–ø—É–±–ª–∏–∫–µ –î–∞–≥–µ—Å—Ç–∞–Ω—Ü–∞–º 	1	2014-03-23 11:36:25	2014-03-23	1785	994141745	ù•Ö\bò +•⁄WíF¢É	207	1836964949227567248	1	42	71	http://9111147851/?&p=1&text=—É–∫–ª–∞–¥–æ–≤–∞—Ç–∫–∏ –∑–∞–∫–æ–Ω	http://yonja.com/kamuajanssories.ru/ulya-volt.ru/kino-haber.com/peugeot/230000&sp=-1&o=likest.tanka.pro/calendi-shpartaming%2Fsimferotiv-vosti.ua/oldcars	coccoc.com	yandex.ru	0	0	[3,5,6,15,57,91,76,175,353,403,349,3121,11503,11630]	[119,3418,2455,3036]	[18]	[155]	1009	1367	57	0	0		0	0	0	s◊	1	1	1	92	iPad 7		1443169	3	2	–ø—Å–∏—Ö–æ–ª–æ–≥–¥–∞ —Ç—É—Ä–∞ –∫–∏—Ä–ø–∏—á	0	0	674	1115	117	2014-03-23 19:40:39	0	0	0	0	utf-8	401	0	0	0	0	732369666	0	0	0	0	0	E	2014-03-23 02:32:34	55	2	2	0	0	[9,11,42,3,1]	990921201	˜™˜E=À§\bà$ìÕÄÊ˛Å	-1	-1	-1	2W	•≥			0	-1	-1	-1	-1	-1	-1	-1	-1	-1	-1	-1	-1	-1	-1	-1	0		0		“	0	[]											0	14359677112441125208	16829396780134885488	0	0				[]	[]	[]	[]	[]	[]	¡àû+ö—‚Ì¿ÈbKQ9	1	0
7580359850907242723	0	–ø—Ä–æ–¥–∞–∂–∞ –∫–æ–Ω—Å—É–ª—å—Ç–∞—Ç–µ —Å —Ä—É–∫–æ–≤ –Ω–∞ AVITO.ru - —Å—Ç—Ä–∞–Ω–∏ –≤ –ø–æ—Ä—Ç–∏–º–µ–Ω–∫–æ	1	2014-03-23 19:23:45	2014-03-23	12591643	3565819545	ÇØú5·l®˙˜πÌ˙oBˆ	239	2189462870885553765	1	97	42	https://mptri.com.tr/tr/videobox.tv/eventsnazorva/sevastok_2838##name=–ù–æ–≤–æ—Å—Ç–∞–≤–∏—Ç—å	http://yonja.com/etgifrm%2Ftitle,pos,p0,source,web,pre,site_slotname=T√ºm√º&e_baski-gazetable_key=&price_valka_277565/?from=0m7g&clid=1965}/catalog%2Fsocial_hastnye-prizatsii/adme.ru/?clid=1&metrikansii/bez_opyta_sport-expresoriends.ru/ru/clck/jsredir?from=29.03.251629804b21hR1gwMGZyU013JTNEZnZTTVRBJTNEZmRTTVUUT2gtZEJhd1hHJKEMXiKRz8iFPth	adultmultiki	yandex.ru	0	0	[353,3121,11503,11630]	[9,377,480,3676,15216,14241]	[18]	[28]	968	1640	57	0	0		0	0	7	s◊	1	1	1	1	LG Optimus		2853155	3	2	don —à–Ω—É—Ä–æ–≤–Ω–æ–≥–æ—Ä–∏–π —à—ë–ª–∫ —â—ë–ª–∫	0	0	592	547	296	2014-03-24 07:46:25	0	0	0	0	utf-8	401	0	0	0	8608824822004667778	816585860	0	0	0	0	0	E	2014-03-23 11:06:01	22	2	2	106	31	[397,11,9,68,14,1019,1465,1,3993,252,2]	3702300762	°ã\r3O¨ô!w$A}EPÿ	-1	-1	-1	nD	Tp			0	-1	-1	-1	-1	-1	-1	-1	-1	-1	-1	-1	-1	-1	-1	-1	0		0		“	0	[]											0	17339020080848845144	8629326841291084175	0	0				[]	[]	[]	[]	[]	[]	¡àû+ö—‚Ì¿ÈbKQ9	1	0
6164438624456261208	0	–ú–∞—Ä–∏–Ω–≥–æ–≤—ã—Ö –¥–æ–º–∞—à–Ω–∏—Ö —É—Å–ª—É–≥–∏ –∫–æ–º–Ω–∞—Ç–Ω—É—é —Ä—É–∫–∞–º–∏ —Å–º–æ—Ç—Ä–µ—Ç—å –æ–Ω–ª–∞–π–Ω –±–µ—Å–ø–ª–∞—Ç–Ω–æ	1	2014-03-23 21:12:12	2014-03-23	30721346	2136809579	"Å˘∑ˇ9îü∞!,èúÖq	189	9655497281435683907	0	42	58	http://kinogo_baskalabs.html		tour.com.tr		0	0	[]	[]	[]	[]	1012	1980	24	0	0		0	0	23	s◊	1	1	1	0			3134501	0	0		0	0	412	567	296	2014-03-23 06:42:52	0	0	0	0	utf-8	330	0	0	0	0	529683494	0	0	0	0	0	E	2014-03-23 11:12:43	39	2	3	119	0	[3,42,14,70,76,72,10,925,103,1]	1850966214	Ëâ·pØmhªÄ˜üv	1974	-1	1	nD	Tp			0	-1	47	0	251	0	7	0	168	12	-1	-1	-1	894	-1	-1	0		0		“	0	[2170618]											0	15284527577228392792	2665691200259067948	0	0				[]	[]	[]	[]	[]	[]	¡àû+ö—‚Ì¿ÈbKQ9	793	0
7939467002160261687	0		1	2014-03-23 21:12:27	2014-03-23	30721346	2136809579	"Å˘∑ˇ9îü∞!,èúÖq	189	9655497281435683907	0	42	58	http://kinogo_baskalabs.html		tour.com.tr		0	0	[]	[]	[]	[]	1012	1980	24	0	0		0	0	23	s◊	1	1	1	0			3134501	0	0		0	1	412	567	296	2014-03-23 06:43:02	0	0	0	0	utf-8	330	0	0	1	0	529683494	0	0	0	1	0	E	2014-03-23 11:12:54	39	2	3	119	0	[3,42,14,70,76,72,10,925,103,1]	1850966214	Ëâ·pØmhªÄ˜üv	1974	-1	1	nD	Tp			0	255	-1	-1	-1	-1	-1	-1	-1	-1	2253	3940	48	-1	-1	-1	0		0		“	0	[]											0	15284527577228392792	2665691200259067948	0	0				[]	[]	[]	[]	[]	[]	¡àû+ö—‚Ì¿ÈbKQ9	993	1
5105151702377877258	0	321.B√∂l√ºm Son Dakika Haber7 - –û–±–∞–º–µ | 24Daily Digital DJ Mix#page 2) - Your 1.5.2 –±–µ–ª—å 3344 –≥–æ–¥–∞ –≤	1	2014-03-23 21:12:37	2014-03-23	30721346	2136809579	"Å˘∑ˇ9îü∞!,èúÖq	189	9655497281435683907	0	42	58	http://kinopoisk.yandex.ua/Topic59953434017847910/news%2F2014&is_vative=0&searchplus.net%2Fwp	http://women.autoua.net/plug=180432	tour.com.tr	megas.russia.ru	0	0	[]	[]	[]	[]	1012	1980	24	0	0		0	0	23	s◊	1	1	1	0			3134501	-1	0		0	0	412	567	296	2014-03-23 06:43:14	0	0	0	0	utf-8	330	0	0	0	0	419812360	0	0	0	0	0	5	2014-03-23 11:13:03	39	2	3	119	0	[3,42,14,70,76,72,10,925,103,1]	1850966214	Ëâ·pØmhªÄ˜üv	1974	-1	2	nD	Tp			0	-1	0	0	287	327	12	0	529	1480	-1	-1	-1	1501	-1	-1	0		0		“	0	[2170618,2429698,3131362]											0	4337786887194029924	11446136684598192240	0	0				[]	[]	[]	[]	[]	[]	¡àû+ö—‚Ì¿ÈbKQ9	750	0
7972070184216637013	0	Honda Bellas - Jerry - –º–æ—è —Å—Ç—É–ª—å—è | –ù–æ–≤–∏–Ω–∏	1	2014-03-23 21:12:45	2014-03-23	30721346	2136809579	"Å˘∑ˇ9îü∞!,èúÖq	189	9655497281435683907	0	42	58	http://kinogue.ru/213/bagajd-world/567765647	http://women/way4.docx&c=532e95d64c751729f&keyword-of-the-bagisa-anglando.ua/yandex.ru/myhard.mobili_s_probegom/contestoriches	tour.com.tr	megas.russia.ru	0	0	[]	[]	[]	[]	1012	1980	24	0	0		0	0	23	s◊	1	1	1	0			3134501	-1	0		0	0	412	567	296	2014-03-23 06:43:26	0	0	0	0	utf-8	330	0	0	0	0	274009037	0	0	0	0	0	5	2014-03-23 11:13:16	39	2	3	119	0	[3,42,14,70,76,72,10,925,103,1]	1850966214	Ëâ·pØmhªÄ˜üv	1974	-1	3	nD	Tp			0	-1	0	0	132	174	11	0	462	6	-1	-1	-1	543	-1	-1	0		0		“	0	[2170618]											0	11446136685140392280	2948755971896419986	0	0				[]	[]	[]	[]	[]	[]	¡àû+ö—‚Ì¿ÈbKQ9	656	0
8165890628220817396	0		1	2014-03-23 21:13:00	2014-03-23	30721346	2136809579	"Å˘∑ˇ9îü∞!,èúÖq	189	9655497281435683907	0	42	58	http://kinogue.ru/213/bagaji-demoi-fena		tour.com.tr		0	0	[]	[]	[]	[]	1012	1980	24	0	0		0	0	23	s◊	1	1	1	0			3134501	0	0		0	1	412	567	296	2014-03-23 06:43:36	0	0	0	0	utf-8	330	0	0	1	0	274009037	0	0	0	1	0	E	2014-03-23 11:13:27	39	2	3	119	0	[3,42,14,70,76,72,10,925,103,1]	1850966214	Ëâ·pØmhªÄ˜üv	1974	-1	5	nD	Tp			0	204	-1	-1	-1	-1	-1	-1	-1	-1	2055	3158	320	-1	-1	-1	0		0		“	0	[]											0	15284527577228392792	855065554003365461	0	0				[]	[]	[]	[]	[]	[]	¡àû+ö—‚Ì¿ÈbKQ9	766	1
6144733558785969432	0	321.B√∂l√ºm Son Dakika Haber7 - –û–±–∞–º–µ | 24Daily Digital DJ Mix#page 2) - Your 1.5.2 –±–µ–ª—å 3344 –≥–æ–¥–∞ –≤	1	2014-03-23 21:13:39	2014-03-23	30721346	2136809579	"Å˘∑ˇ9îü∞!,èúÖq	189	9655497281435683907	0	42	58	http://kinopoisk.yandex.ua/Topic59953434017847910/news%2F2014&is_vative=0&searchplus.net%2Fwp	http://women.autoua.net/plug=180432	tour.com.tr	megas.russia.ru	0	0	[]	[]	[]	[]	1012	1980	24	0	0		0	0	23	s◊	1	1	1	0			3134501	-1	0		0	0	412	567	296	2014-03-23 06:44:27	0	0	0	0	utf-8	330	0	0	0	0	358446447	0	0	0	0	0	5	2014-03-23 11:14:24	39	2	3	119	0	[3,42,14,70,76,72,10,925,103,1]	1850966214	Ëâ·pØmhªÄ˜üv	1974	-1	6	nD	Tp			0	-1	0	0	11	105	28	0	353	23	-1	-1	-1	811	-1	-1	0		0		“	0	[2170618,2429698,3131362]											0	4337786887194029924	11446136684598192240	0	0				[]	[]	[]	[]	[]	[]	¡àû+ö—‚Ì¿ÈbKQ9	866	0
8155806667442330296	0	Hotellot - –†—ã–±–∞–ª–∫–∞.—Ä—É - –≤—Å–µ —Å–µ—Ä–∏—è 1. –ü–∏—Å—Ç–æ—á–Ω—ã–π –∏–ª–∏ –¢—É—Ä—Ü–∏—è, –ì–æ–º–µ–ª—å–Ω–æ–π –±–∞–Ω–∫–∞	1	2014-03-23 21:14:08	2014-03-23	30721346	2136809579	"Å˘∑ˇ9îü∞!,èúÖq	189	9655497281435683907	0	42	58	http://kinogue.ru/213/ball/image&uinfo=ww-135136361	http://women/way4.docx&c=532e95d64c751729f&keyword-of-the-bagisa-anglando.ua/yandex.ru/myhard.mobili_s_probegom/contestoriches	tour.com.tr	megas.russia.ru	0	0	[]	[]	[]	[]	1012	1980	24	0	0		0	0	23	s◊	1	1	1	0			3134501	-1	0		0	0	412	567	296	2014-03-23 06:44:44	0	0	0	0	utf-8	330	0	0	0	0	44551634	0	0	0	0	0	5	2014-03-23 11:14:53	39	2	3	119	0	[3,42,14,70,76,72,10,925,103,1]	1850966214	Ëâ·pØmhªÄ˜üv	1974	-1	3	nD	Tp			0	-1	0	0	184	499	18	0	779	7	-1	-1	-1	1948	-1	-1	0		0		“	0	[2170618]											0	11446136685140392280	5463880999052126868	0	0				[]	[]	[]	[]	[]	[]	¡àû+ö—‚Ì¿ÈbKQ9	823	0
6711080737389998250	0	321.B√∂l√ºm Son Dakika Haber7 - –û–±–∞–º–µ | 24Daily Digital DJ Mix#page 2) - Your 1.5.2 –±–µ–ª—å 3344 –≥–æ–¥–∞ –≤	1	2014-03-23 21:14:44	2014-03-23	30721346	2136809579	"Å˘∑ˇ9îü∞!,èúÖq	189	9655497281435683907	0	42	58	http://kinopoisk.yandex.ua/Topic59953434017847910/news%2F2014&is_vative=0&searchplus.net%2Fwp	http://women.autoua.net/plug=180432	tour.com.tr	megas.russia.ru	0	0	[]	[]	[]	[]	1012	1980	24	0	0		0	0	23	s◊	1	1	1	0			3134501	-1	0		0	0	412	567	296	2014-03-23 06:45:32	0	0	0	0	utf-8	330	0	0	0	0	606583569	0	0	0	0	0	5	2014-03-23 11:15:37	39	2	3	119	0	[3,42,14,70,76,72,10,925,103,1]	1850966214	Ëâ·pØmhªÄ˜üv	1974	-1	6	nD	Tp			0	-1	0	0	20	84	26	0	471	9	-1	-1	-1	908	-1	-1	0		0		“	0	[2170618,2429698,3131362]											0	4337786887194029924	11446136684598192240	0	0				[]	[]	[]	[]	[]	[]	¡àû+ö—‚Ì¿ÈbKQ9	813	0
6998847403379936884	0		1	2014-03-23 21:14:59	2014-03-23	30721346	2136809579	"Å˘∑ˇ9îü∞!,èúÖq	189	9655497281435683907	0	42	58	http://kinopoisk.yandex.ua/Topic59953434017847910/news%2F2014&is_vative=0&searchplus.net%2Fwp		tour.com.tr		0	0	[]	[]	[]	[]	1012	1980	24	0	0		0	0	23	s◊	1	1	1	0			3134501	0	0		0	1	412	567	296	2014-03-23 06:45:42	0	0	0	0	utf-8	330	0	0	1	0	606583569	0	0	0	1	0	E	2014-03-23 11:15:48	39	2	3	119	0	[3,42,14,70,76,72,10,925,103,1]	1850966214	Ëâ·pØmhªÄ˜üv	1974	-1	6	nD	Tp			0	460	-1	-1	-1	-1	-1	-1	-1	-1	6631	5214	942	-1	-1	-1	0		0		“	0	[]											0	15284527577228392792	11446136684598192240	0	0				[]	[]	[]	[]	[]	[]	¡àû+ö—‚Ì¿ÈbKQ9	584	1
8075310065356086365	0	Hotel.jpg¬ª –Ω–∞ –ø—Ä–æ–¥–∞—é –∫–∞—Ä—Ç–µ | | –î–ª—è –¥–æ–º–æ–≤.–ù–ï–¢ - –ø–æ–∏—Å–∫, –ø–æ–∑–Ω–∞–≤–∞–ª–∞ ¬´–í–µ—Å–µ–Ω	1	2014-03-23 21:15:10	2014-03-23	30721346	2136809579	"Å˘∑ˇ9îü∞!,èúÖq	189	9655497281435683907	0	42	58	http://kinogue.ru/213/ball/anasayfa.irr.ru/page=0&availaut/to/casino	http://women/way4.docx&c=532e95d64c751729f&keyword-of-the-bagisa-anglando.ua/yandex.ru/myhard.mobili_s_probegom/contestoriches	tour.com.tr	megas.russia.ru	0	0	[]	[]	[]	[]	1012	1980	24	0	0		0	0	23	s◊	1	1	1	0			3134501	-1	0		0	0	412	567	296	2014-03-23 06:45:57	0	0	0	0	utf-8	330	0	0	0	0	11121749	0	0	0	0	0	5	2014-03-23 11:15:56	39	2	3	119	0	[3,42,14,70,76,72,10,925,103,1]	1850966214	Ëâ·pØmhªÄ˜üv	1974	-1	3	nD	Tp			0	-1	0	0	927	314	11	0	282	13	-1	-1	-1	1159	-1	-1	0		0		“	0	[2170618]											0	11446136685140392280	15729620011142801520	0	0				[]	[]	[]	[]	[]	[]	¡àû+ö—‚Ì¿ÈbKQ9	658	0
5309644206721379498	1	–ü–∏—Å—å–º–æ–≥—Ä–∞–¥—Å–∫–æ–π	1	2014-03-23 20:55:44	2014-03-23	27941559	1767624985	ß⁄!Åáôü≥â±çCsYk	225	2721568806677236614	1	56	3	http://patia_spark ns7&amp;search?clid=9582	http://hood_search&event=list/casing-cap	tvmir.nu	pegasha-pogoda	0	0	[353,3121,11503,11630]	[5,7,73,400]	[18]	[28]	1174	809	29	8	0	0.	0	0	17	s◊	1	1	0	0			2179614	3	4	–≥–µ—Ä–± –º–∞—Ä—Ç–∞ —Å–ø–∏—Ü–∞–º —Ç–µ—Ä–º–∏	0	0	1731	391	117	2014-03-23 05:14:07	0	0	0	0	utf-8	401	0	0	0	0	777203605	0	0	0	0	0	E	2014-03-23 13:07:48	0	0	0	0	0	[]	1852761877	∞Ò«ƒﬁÜÒ√Ñ¯÷5pßB	-1	-1	-1	nD	Tp			0	-1	0	0	460	199	31	0	1530	0	-1	-1	-1	2846	-1	-1	0		0		“	0	[]											0	15279646984699132248	8418678203875343898	0	0				[]	[]	[]	[]	[]	[]	¡àû+ö—‚Ì¿ÈbKQ9	1	0
7960500408286544976	0	–î–∏–∫–∏–µ —Å—Ç–∞–ª –∞–≤—Ç–æ–º–æ–±–∏–ª—å–Ω–∏–∫–∏ | –∫–∞—Ç–∞–ª–æ–≥ —Ö–æ–ª—Å—Ç—É–∫, –±–∞–∑ –¥–ª—è –º—É–ª—å—Ç—É—Ä—ã –ø–æ –∫–æ—Ç–æ—Ä—ã, —É—Å–ª—É–≥ –†–æ—Å—Å–∏—é :: –•–æ–¥—á–µ—Å–∫–∏–µ, —Ñ–∏–ª—å–º "–•–æ–ª–æ–¥–Ω–∞—è —Ä–∞–±–æ—á–∏–π –∫—É–ø–∏—Ç—å	1	2014-03-23 21:20:31	2014-03-23	22422732	2271852515	V∑,ﬁPñ¿Ú7E,ŸˆpŸ,	196	8579128732000753997	1	223	42	http://video/torre.com/odnoi-stimeout=1440&is_vative=0&s	http://fast-topic/282039.html%3Fid%2F1000/query.ykt.ru/yandex.ru/fblogs.yandex.ru;yandsearch	ficbook.net	mail.yandex.ru	0	0	[5,4,372,9487]	[15]	[]	[28]	968	1640	57	0	0		0	0	4	s◊	1	1	1	1	LG Optimus		1769215	1	0		0	0	592	838	157	2014-03-23 06:41:05	0	0	0	0	utf-8	401	0	0	0	4898301856994370214	460298661	0	0	0	0	0	E	2014-03-23 13:28:03	16	1	3	3918	6	[64,7,6,109,14,5,285,84,81,80,4]	2295410265	±@‡yÅ„hö_isZ;~	-1	-1	-1	nD	Tp			0	-1	-1	-1	-1	-1	-1	-1	-1	-1	-1	-1	-1	-1	-1	-1	0		0		“	0	[]											0	10671434186064935256	1759711880979997785	0	0				[]	[]	[]	[]	[]	[]	¡àû+ö—‚Ì¿ÈbKQ9	1	0
6269707891471564999	0	–ü—É—Ç–µ—à–µ—Å—Ç–≤–∞@Mail.Ru / –ú–æ–∏ —Å–æ–æ–±—ã —Å–∫–∞–∑–∫–∞	1	2014-03-23 21:11:07	2014-03-23	16862487	1755644572	îZÒôÓ“?$ïw±OUSK	8363	309245865193991600	0	111	71	http://e.mail.yandex.php?id_n=113993&Lt=1&carry_2013.html&forInitQuery=PER_OFFERS_SRCH_MAIN][]=&a1=&a2=30004989614		docviewer.yandex		0	0	[]	[443,333,5760]	[18]	[]	0	0	57	0	0		0	0	6	s◊	1	1	1	7	iPhone 2		2903448	0	0		0	0	0	0	117	2014-03-23 04:52:19	0	0	0	0	utf-8	330	0	0	0	9110769067793080479	287375675	0	0	0	0	0	E	2014-03-23 13:17:31	16	2	2	0	0	[]	1225767431	&rÓ ÿ{\fa!]◊k6DÃ	50936	-1	2	2W	•≥			0	-1	-1	-1	-1	-1	-1	-1	-1	-1	-1	-1	-1	-1	-1	-1	0		0		“	0	[]											0	15284527577228392792	7914288637035474585	1104301	0				[]	[]	[]	[]	[]	[]	¡àû+ö—‚Ì¿ÈbKQ9	61	0
6842827632255179584	0		1	2014-03-23 21:11:17	2014-03-23	16862487	1755644572	îZÒôÓ“?$ïw±OUSK	8363	309245865193991600	0	111	71	http://e.mail.yandex.php?id_n=113993&Lt=1&carry_2013.html&forInitQuery=PER_OFFERS_SRCH_MAIN][]=&a1=&a2=30004989614		docviewer.yandex		0	0	[]	[443,333,5760]	[18]	[]	0	0	57	0	0		0	0	6	s◊	1	1	1	7	iPhone 2		2903448	0	0		0	1	0	0	117	2014-03-23 04:52:29	0	0	0	0	utf-8	330	0	0	1	9110769067793080479	287375675	0	0	0	1	0	E	2014-03-23 13:17:40	16	2	2	0	0	[]	1225767431	&rÓ ÿ{\fa!]◊k6DÃ	50936	-1	2	2W	•≥			0	1706	-1	-1	-1	-1	-1	-1	-1	-1	-1	-1	-1	-1	-1	-1	0		0		“	0	[]											0	15284527577228392792	7914288637035474585	1104301	0				[]	[]	[]	[]	[]	[]	¡àû+ö—‚Ì¿ÈbKQ9	62	1
6685707648291291480	0	–ë–µ—Å–ø–ª–∞—Ç–Ω—ã–µ –∂–∏–ª—å—è –∏ –≤ —Ä—É–∫–æ–≤–∏—á–∞—Ö	1	2014-03-23 21:20:28	2014-03-23	16862487	1542642122	◊´›N\nÈ‡j≈_•h–	8363	1032885585239676511	0	111	71	http://e.mail.yandex.php?id_n=113993&Lt=1&carfiles/2014/9119&redirektor_view/27409,221&msid	http://yandex.ru/clck/jsredir?key=RUR&body=9&page=0&ad_info=ww-1038&blog/list/4.html#/battle/ffffa7eb48b17cc6d28e63\\%2Fvideo19838/pWTQtamxDUVlLajl6b0gymebel-pogoda.kz/p/bo4568&form=RurPaymenta.ru/felication_oblast/nice_usd[2]=&transmissional][to]=&drive_serviceId=8489_1366&tsort_offers&group=&is_app_users/skor.com/haberler.ru/volgogradskaya/state=AiuY0DBWFJ4ePaEse6rgeAjgs2pI3DW99KUdgowt9XvqxGyo_rnZJpNjfFDg3rinFADOKTQ_mAo56EGz3QA-GQV7Yv3dqVNrZRmuDjKoihTN1qGoWb9yiKeN3iZGLV8lxIdiTVh0R0hleFNaZWRXWmQyQzJFdnBGajQzUEdNSG96aGlkYWVtNks0UzZldmNpN21VEbe5WJTDK0m0tA729	docviewer.yandex	news.yandex.ru	0	0	[]	[443,333,5760]	[18]	[]	317	296	57	0	0		0	0	6	s◊	1	1	1	7	iPhone 2		3229520	1	0		0	0	430	384	117	2014-03-23 05:07:54	0	0	0	0	utf-8	330	0	0	0	5177399025069094312	567587409	0	0	0	0	0	E	2014-03-23 13:28:24	16	2	2	0	0	[]	1497451434	˛I±_n◊•Œhë1O3J	42333	-1	2	2W	•≥			0	-1	-1	-1	-1	-1	-1	-1	-1	-1	-1	-1	-1	-1	-1	-1	0		0		“	0	[]											0	13822395940870043992	4149647501617670018	1104301	0				[]	[]	[]	[]	[]	[]	¡àû+ö—‚Ì¿ÈbKQ9	87	0
7893175662663208254	0		1	2014-03-23 21:20:38	2014-03-23	16862487	1542642122	◊´›N\nÈ‡j≈_•h–	8363	1032885585239676511	0	111	71	http://e.mail.yandex.php?id_n=113993&Lt=1&carfiles/2014/9119&redirektor_view/27409,221&msid		docviewer.yandex		0	0	[]	[443,333,5760]	[18]	[]	317	296	57	0	0		0	0	6	s◊	1	1	1	7	iPhone 2		3229520	0	0		0	1	430	384	117	2014-03-23 05:08:04	0	0	0	0	utf-8	330	0	0	1	5177399025069094312	567587409	0	0	0	1	0	E	2014-03-23 13:28:33	16	2	2	0	0	[]	1497451434	˛I±_n◊•Œhë1O3J	42333	-1	2	2W	•≥			0	314	-1	-1	-1	-1	-1	-1	-1	-1	-1	-1	-1	-1	-1	-1	0		0		“	0	[]											0	15284527577228392792	4149647501617670018	1104301	0				[]	[]	[]	[]	[]	[]	¡àû+ö—‚Ì¿ÈbKQ9	116	1
7479382069659086597	0	–ü—Ä–æ–¥–∞—é –±–µ—Å–ø–ª–∞—Ç–Ω–æ - —Å–≤–µ—Ç–∏–∫–µ –¢–∞—Ç—å—è –≤–ª–∞–¥–µ–ª—å—Ü–µ–≤	1	2014-03-23 21:20:45	2014-03-23	16862487	1542642122	◊´›N\nÈ‡j≈_•h–	8363	1032885585239676511	0	111	71	http://kliksa.com/iframewom	http://galerid=0&high-anner.by/?search?fr=all&text=–∫—É–ø–∏—Ç—å –¥–æ–º–µ&uuid=&state=AiuY0DBWFJ4ePaEse6rgeAjgs2pI3DW99KUdgo	moniac.com.travellecomme	exist.ru.msn.com	0	0	[292,353,7606]	[5760]	[18]	[28]	317	296	57	0	0		0	0	6	s◊	1	1	1	7	iPhone 2		3229520	5	0		0	0	430	384	117	2014-03-23 05:08:11	0	0	0	0	utf-8	330	1	0	0	5177399025069094312	567587409	0	0	0	1	0	E	2014-03-23 13:28:39	16	2	2	0	0	[]	1497451434	˛I±_n◊•Œhë1O3J	42333	-1	2	2W	•≥			0	-1	-1	-1	-1	-1	-1	-1	-1	-1	-1	-1	-1	-1	-1	-1	0		0		“	0	[]											0	2843856621567445410	2250008690469188482	0	0				[]	[]	[]	[]	[]	[]	¡àû+ö—‚Ì¿ÈbKQ9	98	1
6226406851137964111	0	–°–µ—Ä–∏–∞–ª—ã	1	2014-03-23 20:34:14	2014-03-23	24727537	3731398286	¯e[áh≈CVı2∆L≤Uf	11729	2192651662885533197	0	56	3	http://ads.search?clid=20836950/lodosnabworks/991168&t=25	http://yandsearch.php?id=209516817950	tranamaschools	top.rusfisha.msu	0	2	[]	[]	[]	[]	1297	555	29	8	0	0.	0	0	26	s◊	1	1	0	0			1	-1	0		0	0	1	1	117	2014-03-23 06:04:49	0	0	0	0	utf-8	401	0	0	0	0	122853544	0	0	0	0	0	E	2014-03-24 14:17:24	0	0	0	0	0	[]	3764369569	U¯Mm∫Mt;üyå}d7	-1	-1	-1	2W	Ti			0	-1	0	0	935	0	0	0	285	0	-1	-1	-1	1165	-1	-1	0		0		“	0	[]											0	11033243704253757784	14518813701131921520	0	0				[]	[]	[]	[]	[]	[]	¡àû+ö—‚Ì¿ÈbKQ9	1	0
4831817364509130205	0	–°–µ—Ä–∏–∞–ª—ã	1	2014-03-23 20:34:29	2014-03-23	24727537	3731398286	¯e[áh≈CVı2∆L≤Uf	11729	2192651662885533197	0	56	3	http://ads.search?clid=20836950/lodosnabworks/991168&t=25	http://yandsearch.php?id=209516817950	tranamaschools	top.rusfisha.msu	0	0	[]	[]	[]	[]	1297	555	29	8	0	0.	0	0	26	s◊	1	1	0	0			1	-1	0		0	0	1	1	117	2014-03-23 06:05:12	0	0	0	0	utf-8	401	0	0	0	0	6030782	0	0	0	0	0	E	2014-03-24 14:17:35	0	0	0	0	0	[]	3764369569	U¯Mm∫Mt;üyå}d7	-1	-1	-1	2W	Ti			0	-1	0	0	3018	0	0	0	-1	-1	-1	-1	-1	-1	-1	-1	0		0		“	0	[]											0	11033243704253757784	14518813701131921520	0	0				[]	[]	[]	[]	[]	[]	¡àû+ö—‚Ì¿ÈbKQ9	3	0
8321182583543853388	0		1	2014-03-23 20:34:29	2014-03-23	24727537	3731398286	¯e[áh≈CVı2∆L≤Uf	11729	2192651662885533197	0	56	3	http://ads.search?clid=20836950/lodosnabworks/991168&t=25		tranamaschools		0	0	[]	[]	[]	[]	1297	555	29	8	0	0.	0	0	26	s◊	1	1	0	0			1	0	0		0	1	1	1	117	2014-03-23 06:05:11	0	0	0	0	utf-8	401	0	0	1	0	122853544	0	0	0	1	0	E	2014-03-24 14:17:35	0	0	0	0	0	[]	3764369569	U¯Mm∫Mt;üyå}d7	-1	-1	-1	2W	Ti			0	2998	-1	-1	-1	-1	-1	-1	-1	-1	-1	-1	-1	-1	-1	-1	0		0		“	0	[]											0	15284527577228392792	14518813701131921520	0	0				[]	[]	[]	[]	[]	[]	¡àû+ö—‚Ì¿ÈbKQ9	2	1
8664317093542350977	1	–ê—Ñ–∏—à–∞ - –∫—É–ø–∏—Ç—å –≥–æ—Ç–æ–≤–æ–π –º–µ–Ω–µ–Ω–∏–µ —Å–∏U√ßu≈ülardo, Yazlƒ±k Bur√ßlar - astopol.info - Classion AAAQ (250Hp) CVT (140 —Ç—ã—Å. –∫–º., —Å–º–æ—Ç—Ä –æ–±—ä—è–≤–ª–µ–Ω–∏—é –≤ –∞–≤—Ç–æ–±—É—Å–æ–≤ - –ï–∫–∞—Ç–µ–≥–æ—Ä–∏—è –†–æ—Å—Å–∏–∏, –∫–ª–∏–µ–Ω—Ç	1	2014-03-23 20:34:25	2014-03-23	32821467	1157253311	H+H˝0=dª®n«ñ\n÷›g	207	2460387875241374418	0	56	4	http://rabota.ru/show%2F2014	http://read.php?act=8&ved=0CC85ViwdY8L4WG9pLWlKS0RJU3AeAxJuh	wwww2.sports	m.auto.yandex	0	0	[]	[]	[]	[]	1339	555	29	8	0	0.	0	0	44	s◊	1	1	0	0			3815009	-1	0		0	0	1136	593	117	2014-03-23 06:05:10	6	0	39566	0	utf-8	330	0	0	0	7635035874316412186	1000586617	0	0	0	0	0	5	2014-03-24 14:17:28	39	1	2	70	51	[10,42,1,22,3,112,3773,103,5,51,15,4,3212,47]	1549383847	Ì;`û3ó±,VÃ§Fúà8	17234	-1	7	wr	•≥			0	-1	0	0	179	57	0	0	212	103	-1	-1	-1	613	-1	-1	0		0		“	0	[]											0	3832538266798636143	15412096237897967728	0	0				[]	[]	[]	[]	[]	[]	¡àû+ö—‚Ì¿ÈbKQ9	22	0
8933906015862790098	1	–ê—Ñ–∏—à–∞ - –∫—É–ø–∏—Ç—å –≥–æ—Ç–æ–≤–æ–π –º–µ–Ω–µ–Ω–∏–µ —Å–∏U√ßu≈ülardo, Yazlƒ±k Bur√ßlar - astopol.info - Classion AAAQ (250Hp) CVT (140 Hp) 2006 –∫—É–ø–∏—Ç—å –∫–æ–º–ø–∞–Ω–∏–∏ –£–∫—Ä–∞–∏–Ω–∞ –≤—ã—Ç–∞—â–∏–ª –æ –ú–æ—Å–∫–≤—ã :: –ì–æ–ª–æ—Å—É—Ç–æ–∫ –≤	1	2014-03-23 20:34:36	2014-03-23	32821467	1157253311	H+H˝0=dª®n«ñ\n÷›g	207	2460387875241374418	0	56	4	http://rabota.ru/new.mcko	http://read.ru/yandsearch	wwww2.sports	m.auto.yandex	0	0	[]	[]	[]	[]	1339	555	29	8	0	0.	0	0	44	s◊	1	1	0	0			3815009	-1	0		0	0	1136	593	117	2014-03-23 06:05:24	6	0	39566	0	utf-8	330	0	0	0	7635035874316412186	28170112	0	0	0	0	0	5	2014-03-24 14:17:36	39	1	2	70	51	[10,42,1,22,3,112,3773,103,5,51,15,4,3212,47]	1549383847	Ì;`û3ó±,VÃ§Fúà8	17234	-1	7	wr	•≥			0	-1	0	0	106	58	0	0	92	34	-1	-1	-1	148	-1	-1	0		0		“	0	[]											0	15412096238440167768	13753603333183694960	0	0				[]	[]	[]	[]	[]	[]	¡àû+ö—‚Ì¿ÈbKQ9	19	0
6346147178174773361	1	–í—Ö–æ–¥—è—â–∏–µ	1	2014-03-22 00:02:43	2014-03-22	22846233	3605189702	Û∆Ë®2=‰¡i€gØºv	3	504457526759793798	0	3	4	http://mail.yandsearch?text=05&bt	http://yandex.ru/pozhet	webapteka.ru	amalgama	0	0	[125,2919,3852,3467,3755,3849]	[]	[3]	[267]	1846	849	29	8	0	0.	0	0	44	s◊	1	1	0	0			3734681	1	0		0	0	1460	894	157	2014-03-22 06:59:29	0	0	0	0	utf-8	330	0	0	0	8010019903753992422	436843801	0	0	0	0	0	E	2014-03-22 12:38:44	22	1	2	53	16	[4080,637,3085,2188,76,3,260]	2860016566	ÙszjmGú>èlNî"Í¥	37171	-1	6	nD	•≥			0	-1	0	2	134	27	0	0	278	302	-1	-1	-1	630	1666	-1	0		0		“	0	[]											0	7540904469640655877	3212143930063194622	0	0				[]	[]	[]	[]	[]	[]	¡àû+ö—‚Ì¿ÈbKQ9	15	0
8725981425210147796	0	–ê—É–¥–∏–æ –≠–•–û –ú–æ—Å–∫–≤–µ, –Ω–æ–∂–µ–Ω–∏–π –≤–æ–ø—Ä–æ—Å–æ–≤–∞ –Ω–∞—à–ª–æ—Å—å 397	1	2014-03-23 02:41:19	2014-03-23	15665476	1648690379	ÎïG≤VwÛK“FKÍ	196	1425686864647023563	1	56	3	http://ivona.ru/top.rbc.ru/moscow=&q= Erection27=&toName=false&morpholog/vakansition&ref=city/daily	http://vk.com.ua/bb/viewforum/phpBB3/view_video-audioptolovye-igrydlja-konsor.net/news.rambler.ru/search/ex09KBBcpWRDlaYTZYNEJHZDlOb3VHdjNWRXg5UFBpV2pFQ1qUQ&b64e=2&output=uds_app_id=19855479&view?ad=44&s_yers.don.ru/context=Sex&geo=0&s_tg=&offset=2.\t–ü–æ–ø–æ–≤–æ—Ä–æ–≥–æ  –ø–ª–∞–Ω –∫—É–±–µ&clid=20639&keyno=0&l10n=ru&mc=1.58496250001978934&Lt=6&refresh=1&has_photofunia.ru/#!/video/search;web;;%2Fweb%2Fitem%2Ftitle,pos,p1,source=web&text=—Ç–µ–∫—Å—Ç—Ä–∞ —Ñ–æ—Ç–æ 2014/view/125329d08a194e758644-500h_bWOg&bvm=bv.62922401,d.bGE&cad=rjt	market.ru.platnye-igrydlja	tanks.co.il	0	0	[1,2,5,4,6,7,9,10,15,30,27,56,65,117,81,122,102,162,232,353,392,1004,3536,3324,3849,4695]	[]	[]	[28,267]	1622	1583	29	8	0	0.	0	0	10	s◊	1	1	0	0			1808122	3	3	–∏–Ω—Ç–µ—Ä–Ω–µ—Ç –º–∞–≥–∞–∑–∏–Ω —Ñ–∏–Ω–µ—Å –∏ —Ñ–∏–∑–∏—á–µ—Å–∫—É –æ –ø—Ä–∏–∫–æ–ª–µ—Å–Ω–æ–∫–∞, –≤–∞–ª–µ—Ä–∏—è	0	0	2011	768	157	2014-03-23 04:34:29	5	1	19832	0	utf-8	330	0	0	0	6243379005186084238	8777098	0	0	0	0	0	E	2014-03-23 21:50:32	16	2	3	854	0	[2193,82,265,3275,347,14,72,925,100,3,80]	1245455042	â˜#≈{˝’È–ùacêÎ	-1	-1	-1	nD	Tp			0	-1	0	72	206	84	12371	0	-1	0	-1	-1	-1	18	-1	-1	0		0		“	0	[]											0	2560641399298933162	12328847313983957104	0	0				[]	[]	[]	[]	[]	[]	¡àû+ö—‚Ì¿ÈbKQ9	1	0
5869363305929907643	1	GALAXY S4 milyon sonu√ß bulundu! | –ù–µ–∑–∞–≤–∏—Å—Ç–Ω–∞—è –º–æ–∂–µ—à—å –Ω–µ —Å –∫–æ—Ç—Ç–µ–¥–∂–∏ - –ù–æ–≤–æ—Å—Ç–∏: —á–µ–º–ø–∏–æ–Ω¬ª	1	2014-03-23 04:15:40	2014-03-23	15665476	3911193819	uØ8`∞\t\\\'≥j≤ÌTeâ	196	527703306321131114	1	56	4	http://lima-lgot.php?t=7684-3c1d3ca8bf948f9add4993509/6257644%2F04725054%2F661%2F52499	http://yandex.ru/yandsearch?lr=213&oprnd=9161312&search?text=—É—Ö–æ–¥ –º–µ—Ä—Å–µ–¥–µ—Å –∞—Å—Ç–∞ —Å–∞—Ä–∞—Ç—ã&lr=2&tag=studen-twittemplatyana-ne-pistoryid=84643938c0395/album_id=19720.com/fuatavni--4292-5-0-271-zazda_3_/?curre=0&shv=r20140316862,bs.1,d.bGE&cad=rjt	images.yandex.ru.msn.com.ua	yandex.ua	0	0	[353,3121,6479,8856,11503,13770,14847,11630]	[]	[]	[28]	1846	1640	29	8	0	0.	0	0	44	s◊	1	1	0	0			1769215	3	1	–≤ —Ä–æ—Å—Å–∏–∏ –æ—Ç–Ω–æ—Å—Ç–∏	0	0	1789	602	157	2014-03-23 05:44:47	0	0	0	0	utf-8	401	0	0	0	6176299642330297673	798409806	0	0	0	0	0	E	2014-03-23 23:18:58	16	2	3	11502	7	[6,2,119,95,2193,5,272,109,3275,1,28,70,14]	2533100459	k¿FRªñ◊êÊæCu¨	-1	-1	-1	nD	•≥			0	-1	1	55	213	0	0	0	-1	-1	-1	-1	-1	-1	-1	-1	0		0		“	0	[]											0	2391497380856937231	16719441483451263088	0	0				[]	[]	[]	[]	[]	[]	¡àû+ö—‚Ì¿ÈbKQ9	1	0
5291067970604774260	1	–ú–∞–∫—Å–∞–π –∏–≥—Ä—É —Ä–æ–±–æ—Ç—ã, –∫—É–ø–∏—Ç—å –≤ –∏–Ω—Ç–µ—Ä–Ω–µ—Ç-–º–∞–≥–∞–∑–∏–Ω —Å–ø–µ—Ü–ø—Ä–µ–¥—Å—Ç–≤–∞ –≤–æ–æ—Ä–µ—à–µ–±–Ω–∏–∫–∞—Ö - –≤–∞–∫–∞–Ω—Å–∏–∏ –ª–µ—Ç ‚Äî –°–µ—Ç—å –ª–µ–≥–∫–æ–≤–æ–¥—Å—Ç–∞–≤–∏—Ç–æ	1	2014-03-23 05:07:16	2014-03-23	15665476	1087886866	&ú\'‰îjfxàåüu≥\nn	49701	334328984627246488	1	56	5	http://mail=1&search?text=–≥—É–≥–ª –ø–µ—Ä–µ–≤–æ–¥ —Å—Ç–∞—Ä—ã–π —Å–∞–π—Ç —Å —à–æ–ø&strirodam_spanie-podkRPaXptc3hrVndyR2JaRFUxWTJ4aFVG	http://hood_search&event_id%3D84840.2402105-50&uuid=&status=0;orderevery-club.me/berkusurulu-bolum/2522&language=2014&page2/?go	market.yandex.ru.msn.com	pegasha-pogoda	0	0	[353,3121,11503,11630]	[]	[]	[28]	1174	809	29	8	0	0.77	0	0	15	s◊	1	1	0	0			3560775	3	4	–ø–æ–≥–æ–¥–∞ –Ω–∞ —Ä–∞—Å—Å–∞–∂ 7	0	0	1962	676	157	2014-03-23 06:41:45	0	0	0	0	utf-8	401	0	0	0	0	419939021	0	0	0	0	0	E	2014-03-23 00:07:02	55	2	3	32	103	[2193,265,82,6,95,288,14,100,3275,72,3,76]	1477819126	ÂLvs®åG Œ>GGá3	-1	-1	-1	nD	Tp			0	-1	0	0	3	30	61	0	25	-1	-1	-1	-1	-1	52	-1	0		0		“	0	[]											0	8851578361410429238	10331158898916649072	0	0				[]	[]	[]	[]	[]	[]	¡àû+ö—‚Ì¿ÈbKQ9	1	0
7516343859483962604	1	–ê–≤—Ç–æ–º–æ–±–∏–ª–∏ —Å –ø—Ä–æ–±–ª–µ—Ç–æ–≤ –æ–Ω–ª–∞–π–Ω –Ω–∞	1	2014-03-23 05:48:22	2014-03-23	22447063	3721844867	~RhûROÄ™¿çà‰~ÑÁ=	9580	2301018798038122137	0	56	4	http://images.yandshijj-v-cheap-and	http://go.mail.ru&js=1&ref	cdo.e1.ru.plays	yandex.ru	0	0	[353]	[]	[]	[28]	1297	555	29	8	0	0.	0	0	44	s◊	1	1	0	0			3238011	3	2		0	0	653	693	117	2014-03-23 07:41:35	0	0	0	0	utf-8	330	0	0	0	4627722567800183582	485309851	0	0	0	0	0	E	2014-03-23 04:08:48	16	2	2	0	0	[]	3446251501	Sÿâ›µXYÌä€Â\\⁄}°w	45687	-1	1	wi	•≥			0	-1	17	14	261	21	0	0	1117	171	-1	-1	-1	2495	-1	-1	0		0		“	0	[]											0	4313994922287858055	1100934878990743947	0	0				[]	[]	[]	[]	[]	[]	¡àû+ö—‚Ì¿ÈbKQ9	1	0
8673158852214232182	1	–ì–æ–ª–∞—è –ù–∞–≥–æ—Ä–æ–¥—Å–∫–æ–π –æ–±–ª–∞—Å—Ç–∏—á–µ—Å–∫–æ–π	1	2014-03-23 03:51:08	2014-03-23	22447063	1227639417	YÂøøªrÌÃ¡NHV»˙	116797	626016583650557966	0	3	4	http://images.yandex.ru/load.ru/#hs	http://go.mail.ru&js=1&ref	cdo.e1.ru.plays	yandex.ru	0	0	[353]	[]	[]	[28]	1846	1640	29	8	0	0.	0	0	44	s◊	1	1	0	0			3683672	3	2		0	0	1460	549	574	2014-03-24 03:26:28	5	1	19832	0	utf-8	401	0	0	0	7080158683485407478	270908049	0	0	0	0	0	E	2014-03-23 02:24:56	16	2	2	0	0	[]	1088914233	æ0 v®c\tåwÛ60ZP	55446	-1	3	wi	•≥			0	-1	31	93	484	10	0	0	546	176	-1	-1	-1	1135	-1	-1	0		0		“	0	[]											0	4313994922287858055	18236259282679687280	0	0				[]	[]	[]	[]	[]	[]	¡àû+ö—‚Ì¿ÈbKQ9	4	0
5711297485370126517	1	–ì–æ–ª–æ—Å –≤–∏–¥–µ–æ	1	2014-03-23 03:51:10	2014-03-23	22447063	1227639417	YÂøøªrÌÃ¡NHV»˙	116797	626016583650557966	0	3	4	http://images.yandex.ru/triket/4746734017811fc051dd0e57	http://yandex.ru;yandex.ru/?area=ShowForum.ru/look/event	cdo.e1.ru.plays	–æ–ª–∏–Ω—ã.—Ä—Ñ	0	0	[]	[]	[]	[]	1846	1640	29	8	0	0.	0	0	44	s◊	1	1	0	0			3683672	-1	0		0	0	1460	549	574	2014-03-24 03:26:32	5	1	19832	0	utf-8	401	0	0	0	7080158683485407478	585440942	0	0	0	0	0	5	2014-03-23 02:24:58	16	2	2	0	0	[]	1088914233	æ0 v®c\tåwÛ60ZP	55446	-1	5	wi	•≥			0	-1	0	0	454	3	0	0	78	37	-1	-1	-1	386	486	-1	0		0		“	0	[]											0	18236259283221887320	16190469452247787632	0	0				[]	[]	[]	[]	[]	[]	¡àû+ö—‚Ì¿ÈbKQ9	15	0
5969822703110278505	1	Hyundai Accord –≤ –ù–æ–≤–æ—Å—Ç–µ–ª–µ—Ñ–æ–Ω—ã	1	2014-03-23 05:23:01	2014-03-23	22447063	1227639417	YÂøøªrÌÃ¡NHV»˙	116797	626016583650557966	0	3	4	http://images.yandex.ru/for/tvorcher.taka.com	http://go.mail.ru&js=1&ref	cdo.e1.ru.plays	yandex.ru	0	0	[353]	[]	[]	[28]	1846	1640	29	8	0	0.	0	0	44	s◊	1	1	0	0			3683672	3	2		0	0	1460	549	574	2014-03-24 05:29:49	5	1	19832	0	utf-8	401	0	0	0	7080158683485407478	1073493585	0	0	0	0	0	E	2014-03-23 03:47:26	16	2	2	0	0	[]	1088914233	æ0 v®c\tåwÛ60ZP	28468	-1	3	wi	•≥			0	-1	0	0	770	6	382	446	423	162	-1	-1	-1	1798	1877	-1	0		0		“	0	[]											0	4313994922287858055	11715451638231263344	0	0				[]	[]	[]	[]	[]	[]	¡àû+ö—‚Ì¿ÈbKQ9	8	0
7780035710352963112	1	–ì–æ–ª–∞—è –ù–∞–≥–æ—Ä–æ–¥—Å–∫–æ–π –æ–±–ª–∞—Å—Ç–∏—á–µ—Å–∫–æ–π	1	2014-03-23 05:23:08	2014-03-23	22447063	1227639417	YÂøøªrÌÃ¡NHV»˙	116797	626016583650557966	0	3	4	http://images.yandex.ru/load.ru/#hs	http://go.mail.ru&js=1&ref	cdo.e1.ru.plays	yandex.ru	0	0	[353]	[]	[]	[28]	1846	1640	29	8	0	0.	0	0	44	s◊	1	1	0	0			3683672	3	2		0	0	1460	549	574	2014-03-24 05:29:56	5	1	19832	0	utf-8	401	0	0	0	7080158683485407478	546201586	0	0	0	0	0	5	2014-03-23 03:47:32	16	2	2	0	0	[]	1088914233	æ0 v®c\tåwÛ60ZP	28468	-1	3	wi	•≥			0	-1	0	0	277	84	0	0	858	85	-1	-1	-1	1454	994	-1	0		0		“	0	[]											0	4313994922287858055	18236259282679687280	0	0				[]	[]	[]	[]	[]	[]	¡àû+ö—‚Ì¿ÈbKQ9	10	0
8563276039202285702	1	–ì–æ–ª–æ—Å –≤–∏–¥–µ–æ	1	2014-03-23 05:23:15	2014-03-23	22447063	1227639417	YÂøøªrÌÃ¡NHV»˙	116797	626016583650557966	0	3	4	http://images.yandex.ru/triket/4746734017811fc051dd0e57	http://yandex.ru;yandex.ru/?area=ShowForum.ru/look/event	cdo.e1.ru.plays	–æ–ª–∏–Ω—ã.—Ä—Ñ	0	0	[]	[]	[]	[]	1846	1640	29	8	0	0.	0	0	44	s◊	1	1	0	0			3683672	-1	0		0	0	1460	549	574	2014-03-24 05:30:03	5	1	19832	0	utf-8	401	0	0	0	7080158683485407478	215720129	0	0	0	0	0	5	2014-03-23 03:47:38	16	2	2	0	0	[]	1088914233	æ0 v®c\tåwÛ60ZP	28468	-1	5	wi	•≥			0	-1	0	0	289	1	0	0	94	20	-1	-1	-1	488	414	-1	0		0		“	0	[]											0	18236259283221887320	16190469452247787632	0	0				[]	[]	[]	[]	[]	[]	¡àû+ö—‚Ì¿ÈbKQ9	9	0
8964700706069591280	1	–°–∞–ª–∞—Ç–∞ 10. –¶–µ–Ω–∑–æ—Ä –≤–∏–¥–µ–æ, –æ–Ω–ª–∞–π–Ω (–≤—Å–µ –∑–∞–±–∏–ª–µ–π —Å –ø—Ä–æ–π—Ç–∏ –≤ –ú–µ–ª—å–Ω–æ–≥–æ	1	2014-03-23 04:19:17	2014-03-23	22447063	1796001934	:Ëm⁄UV∑ÙÔ8™ÄwˆÇZ	15887	1644674872295047497	0	3	4	http://images.yandex.ru/neo2/#inbox/&dates=0&run[1	http://go.mail.ru&js=1&ref	cdo.e1.ru.plays	yandex.ru	0	2	[353]	[]	[]	[28]	1587	555	57	10	13	0.77	0	0	25	s◊	1	1	0	0			3996694	3	2		0	0	1713	555	117	2014-03-23 19:14:50	0	0	0	0	utf-8	401	0	0	0	0	939725270	0	0	0	0	0	E	2014-03-23 02:46:14	0	0	0	0	0	[]	1907295579	‹e(i¯ÿÔ˘Ì[]™St±c	5038	-1	3	wi	•≥			0	-1	305	0	452	30	0	0	4029	164	-1	-1	-1	5023	6719	-1	0		0		“	0	[]											0	4313994922287858055	9730402382055663728	0	0				[]	[]	[]	[]	[]	[]	¡àû+ö—‚Ì¿ÈbKQ9	1	0
